"Age","Height_cm","Weight_kg","Position","Training_Hours_Per_Week","Matches_Played_Past_Season","Previous_Injury_Count","Knee_Strength_Score","Hamstring_Flexibility","Reaction_Time_ms","Balance_Test_Score","Sprint_Speed_10m_s","Agility_Score","Sleep_Hours_Per_Night","Stress_Level_Score","Nutrition_Quality_Score","Warmup_Routine_Adherence","Injury_Next_Season","BMI"
22,173,64,"Midfielder",11.5753080260771,36,1,77.4602790100385,79.1157381778395,284.487852622944,91.2124762856268,5.8746298990951,77.5997050864052,8.23829303087228,46.6164152085122,81.4722060647135,1,0,21.3839419960573
18,170,67,"Midfielder",12.2758694501902,37,2,72.6344422606009,82.5416879477866,250.579249405517,87.2940782413877,5.79626935261436,94.4189869374685,8.98373719326663,49.3680367422935,81.0566768901436,1,0,23.1833910034602
22,186,75,"Forward",12.2548956592084,12,2,77.0644897841478,75.9436305355658,269.119918257926,83.4406884700333,5.73120875619383,70.1791762962945,7.22919265384474,43.1328080413372,64.8774568803211,0,1,21.6788067984738
20,172,62,"Defender",9.00667756614741,11,1,82.8102316135155,73.8783244426281,226.376411845322,87.5918936070815,6.22021223992989,83.4738241245447,7.68102880885608,51.5285293957956,89.8247439393659,1,0,20.9572742022715
18,172,94,"Midfielder",12.6836675788936,10,2,76.7728591345087,76.6530426252721,229.021042378487,83.1251614102866,5.38595831800467,87.0372558304188,6.72809050145966,52.3797180987276,71.5691968452306,0,1,31.7739318550568
23,189,89,"Goalkeeper",10.2629866401473,31,2,78.4507201326389,80.9279837732255,265.801623140873,81.1063388598133,6.35486954036797,86.4189542813888,8.53802736537163,39.929697065495,74.9824757628318,1,0,24.9153159206069
22,189,71,"Midfielder",8.06928759522325,5,4,63.0450094399223,75.0320298994063,269.099907386665,76.7873688262641,6.45829745811321,65.1799945217704,7.33932720216773,75.0391122086579,65.790191596278,0,1,19.8762632625067
23,184,75,"Goalkeeper",6.40793852849552,26,0,77.5666773710432,76.9472131502814,226.96643119773,93.3173823455968,6.16146025013569,79.260416808804,8.07289463837172,25.7833709534751,89.782578445676,0,0,22.1526465028355
22,174,71,"Midfielder",10.554930503444,23,0,78.8779045768255,89.5845013142107,240.74505444452,80.8985746113938,6.19928107454194,77.1522902786322,7.66118971901332,52.5816002127186,78.58720105979,1,0,23.4509182190514
23,185,76,"Midfielder",11.8997317418164,22,0,83.1947613986756,82.2443639932792,259.62816144593,89.0775770286173,6.20669429324075,90.3964796165781,6.03550469910212,55.0497219399512,83.9479489358271,1,0,22.2059897735573
18,178,62,"Forward",7.88484861776198,29,4,78.7148298330676,74.7263057174898,264.047545743349,74.2616219324575,6.07461990438114,80.8132467910057,8.28745997023171,77.7288531752626,63.4889514926641,1,1,19.5682363337962
19,188,81,"Defender",11.1325682105405,16,1,67.9367579573877,76.3012727013248,269.811232042695,74.4623335029435,5.66107810604443,74.8571013728215,6.5181126772362,60.3350460639879,59.963239176886,0,1,22.9176097781802
18,183,72,"Midfielder",13.3440935915292,12,2,79.4778547219308,80.6918812493976,259.189830047709,88.7966463182034,6.13304605525225,79.8464856844621,7.52736157731654,43.6537772534896,75.5202377975548,1,0,21.4995968825584
19,198,75,"Defender",10.0267123268693,28,2,72.1723027924654,75.8046583829582,282.0816494793,82.1085246127577,5.94792261240356,71.8810537771472,6.4525573561155,46.2260681143097,88.2207044905759,1,1,19.1307009488828
21,181,82,"Defender",10.6973653473984,20,1,74.3114197064138,69.5135268005226,276.563552629984,79.7822540876897,6.18913272145253,83.6189143465252,7.88436302536133,47.4939921720186,77.8381803197159,1,1,25.0297609963066
18,174,69,"Midfielder",13.4228444545993,36,2,66.7090143766839,78.5704023225298,265.144078122613,65.5867394108766,6.16561929092213,76.8188865647647,5.8821565578951,33.3813225498687,66.0877688725054,0,1,22.7903289734443
18,168,75,"Goalkeeper",12.1563896075818,30,1,69.2997434519111,86.7590118654878,221.741412063928,83.9091478570687,5.98093474430835,78.751624619992,7.7342757222631,55.377512001952,69.0608577440265,0,1,26.5731292517007
20,162,60,"Defender",12.7891978375458,25,1,66.7347522877438,78.781087404451,269.144475304949,78.0837697373575,6.2453068334989,83.6597348487988,7.30005300392412,54.6517943391887,65.7002430201112,1,1,22.8623685413809
20,169,60,"Goalkeeper",9.89757469742662,23,1,76.2668921541502,75.7587708097122,265.321084682342,84.6879907796208,6.04825101435766,69.1531165051557,8.49318482584961,62.3175669357379,79.7649716201109,1,0,21.0076677987465
22,164,60,"Midfielder",9.66878053229734,26,0,81.084701792281,72.1866322519392,229.750346968876,84.6971610349806,6.34478528527648,76.8452922937048,7.31321964361429,49.6739127164126,85.9173634865042,1,0,22.3081499107674
19,186,62,"Defender",7.81363745649831,24,0,82.1330432170262,78.2118002939766,238.373775892841,90.4386873332445,6.49146756341409,71.5217694872222,6.83404163680615,45.0249894482255,68.8230267642938,1,0,17.921146953405
21,175,81,"Forward",13.5551981590117,37,0,82.5403211014091,77.8628317499259,240.17736345274,97.2037532324896,5.65887329758494,86.6676154552113,7.82716946584521,49.9591577272041,81.8166533271033,1,0,26.4489795918367
24,177,69,"Goalkeeper",9.32331030006246,33,1,72.3312281437339,81.6592610043709,230.353300330623,94.8547322535174,5.73785516458469,91.5614370552866,6.74386497439495,30.1358885380509,72.3639296109926,1,0,22.0243225126879
22,178,78,"Goalkeeper",11.0595578627427,7,0,69.828983996563,98.6356676986337,245.066502352053,87.3983124086685,5.93286548553614,77.6217106922019,8.51449626382686,43.8039442051895,87.3557669517255,1,0,24.6181037747759
21,174,83,"Midfielder",8.88263818293149,39,2,69.6915173967411,71.1927820049076,260.015369841443,74.171560096924,5.46436695777635,82.9645666088956,7.21870531386819,54.176530571621,66.3221361799215,1,1,27.4144536926939
18,171,72,"Defender",8.55519590846468,7,0,71.505838774907,87.0573811113214,249.756655505246,81.1466162878749,6.2506617854391,84.742881219967,6.33408602284129,71.251767007153,61.4051314514323,0,1,24.6229609110496
24,173,76,"Goalkeeper",11.1876498993081,5,0,69.5906518892883,77.5182388227068,281.489502110118,77.0057231822658,5.90177933491821,73.5225679315185,7.76955202564917,47.4298275906786,65.6363462933203,1,1,25.3934311203181
21,176,64,"Goalkeeper",9.46228851224073,6,0,76.4378553947285,89.1130098170115,241.33325419472,100,6.18152737206871,83.8554199771536,7.91583877330085,49.0456145210946,73.080282591381,1,0,20.6611570247934
23,179,74,"Forward",11.3728494803954,34,1,75.0882317422191,84.9053775303751,238.594319866631,83.5304845428074,5.94875015315338,90.7046473802773,8.51938211664045,47.1759719658009,88.3218118894277,1,0,23.0954090072095
20,174,85,"Goalkeeper",12.5139424446868,19,1,71.98183549572,76.2263992833032,261.958095143335,80.0019057729307,6.33189577282,75.7513531671408,8.15060899530858,63.3261094959254,86.594697324213,1,0,28.075042938301
23,179,73,"Goalkeeper",5.35896611435822,11,3,69.0763759620931,79.9241242404476,259.648868816231,86.381199740641,5.7369015457774,70.4525027960482,7.29557445516184,60.4391144681054,59.0546942045529,0,1,22.7833088854905
23,174,64,"Goalkeeper",11.2273611615021,13,1,61.912909125207,69.7775382027872,241.970730279963,66.2863361399031,5.94190953259647,66.0411478559457,7.43196830471345,44.6402658251166,62.2672130193481,1,1,21.1388558594266
19,167,65,"Defender",9.74922504240505,21,0,85.1305153288137,91.4170558269654,255.857600389338,84.4584727318756,5.91217070481885,95.9970292700655,6.02019275370629,40.3811667142669,70.7008582938162,1,0,23.3066800530675
22,188,72,"Defender",9.10585326232156,16,0,80.6678054278375,76.5193252132095,244.021642335409,78.7509228835724,5.76603287515522,77.6355997081214,7.55640812974461,56.731193501607,61.5825376300433,0,1,20.3712086917157
22,176,62,"Defender",10.4817375970487,6,1,65.6471185393926,73.8684529933414,254.566312618935,76.2548038071882,6.33903683707483,75.6766286047161,6.20932892514771,48.7244600001463,81.3756985337253,0,1,20.0154958677686
24,179,72,"Defender",8.26913579269192,34,2,71.6584665969743,70.0043076851215,257.216243121077,86.5354867020187,5.76203489654246,85.237684200997,6.48991107569932,47.8047518336583,60.9855775070661,0,1,22.4712087637714
21,186,51,"Midfielder",7.09566576049429,14,0,77.8594882132512,79.4491738113309,212.784330533597,91.6983754905127,5.8681311099952,81.4387443301723,6.67845516661463,44.8838123753977,68.728216103727,1,0,14.7415886229622
23,170,67,"Goalkeeper",14.3526902864013,28,2,80.7902860739493,79.0680120375697,263.030412290153,79.9878857171338,6.09402136048742,83.225702486667,6.82153232997568,59.7368477566953,69.6855778737839,0,1,23.1833910034602
23,176,75,"Midfielder",7.94773769017765,39,0,84.2675861398812,76.192060229129,221.465982904096,89.3652564910087,6.17816631989567,88.1332341084033,7.62876336768252,48.9281065681598,70.2200372081411,1,0,24.2122933884298
21,170,80,"Midfielder",10.2505636979002,7,0,81.2263139170969,79.0225119177383,241.971646742625,91.0036381031088,5.85936216127534,84.0203051413974,7.61373115511523,44.814835335111,77.37017423729,1,0,27.681660899654
20,173,69,"Goalkeeper",13.7192374275443,15,3,76.6528163167635,81.5603101474073,282.788619978896,81.5818894510398,6.10748952874122,90.1432196636111,7.92197246708313,75.3074638643331,68.3769453034992,0,1,23.0545624644993
24,175,77,"Goalkeeper",8.44258510405972,21,1,52.3913513287444,65.6141857902227,251.833730682675,87.0943925813189,5.5856109011937,69.9520876652721,7.41197117273932,75.8302836270204,91.7824013453611,1,1,25.1428571428571
23,169,56,"Midfielder",12.8649723647238,36,2,64.0634746243808,74.2948102865728,247.05511378798,81.5101050362387,6.33214886577099,91.9344581642607,6.92685176526225,61.1940764335802,64.915671273691,1,1,19.6071566121634
19,189,76,"Defender",6.14128461809648,8,1,69.87132776981,80.4044574193752,229.267000158341,83.484872121029,5.05603880436709,71.2711356605735,6.66383241500045,58.4565942161511,84.5568944153893,0,1,21.2760001119789
20,176,83,"Goalkeeper",8.42236776869827,23,2,82.8074648430771,84.32881737926,242.367081349384,98.1323264015757,5.89385463738773,82.5751234066849,6.71940150273421,68.3904922593321,90.9852653072385,1,0,26.7949380165289
19,171,69,"Forward",11.8120264957068,34,0,80.2166965648281,95.5708738241398,254.523699203749,89.4158011727929,6.23385685355194,70.6037644300413,7.96849225752255,59.2702023858672,59.06607443674,1,0,23.5970042064225
20,180,69,"Defender",8.03790706176705,23,0,80.5470207389335,86.1113638116574,251.948243455591,88.5404133247483,6.20916477505468,98.483967933145,7.29082971027211,45.0392413211097,75.762147279739,1,0,21.2962962962963
19,169,88,"Midfielder",14.6168125337558,9,0,72.1203222192223,78.9288396589876,284.515423448307,91.635238856415,6.04279013219532,76.0170376867451,8.16991377719497,61.1385822876324,65.8541993949323,1,0,30.8112461048283
22,186,88,"Defender",11.6687106329024,26,5,83.9840553697521,79.9380408434062,261.323940287653,85.7530739328621,6.08782003044101,83.9521975168925,7.64356517403881,48.5072160564614,65.9674939671803,1,0,25.4364666435426
23,169,58,"Goalkeeper",6.40526259138214,24,1,87.4402954539666,75.8391505548161,228.267519952047,89.4451163349001,6.52181385788934,71.9244381031658,6.42835924777643,44.1076605912744,86.34069654748,1,0,20.307412205455
23,171,72,"Midfielder",14.2708263205779,24,1,74.8683210300825,80.559333265265,276.612638004534,75.5068674015908,5.56673557237356,80.7479628031147,6.69716516009979,70.679794909232,68.0271035314804,1,1,24.6229609110496
18,171,72,"Defender",6.47238650935159,31,2,68.0395657110737,73.0507786872408,279.786276804648,85.9260450827126,6.1702324437908,86.3896381017885,7.39707864112171,71.4044043879783,64.213070223541,0,1,24.6229609110496
18,178,75,"Defender",6.79648079582726,33,3,77.3391670579239,83.2043364942511,250.800062258844,78.7424582853625,6.28059545631328,75.8714060185144,9.30384902901307,39.914922063927,85.2272390007515,1,0,23.6712536295922
19,182,76,"Forward",10.7895260563234,26,3,71.4397653826464,73.2475953001026,225.246383076066,85.9311748690986,5.89472337699657,73.2052860838624,7.21594971625817,60.7949434181917,68.3859199261573,0,1,22.9440888781548
18,184,71,"Midfielder",10.6688993295224,9,3,79.0692979990431,75.4392599797158,245.498355568707,89.414235704051,5.90749524917266,79.7940140965218,7.7388560018719,59.9835165498677,59.8952879129347,0,1,20.9711720226843
19,167,68,"Defender",9.18081519896181,25,1,65.0724235892535,80.4284231859056,286.76945713203,80.4659519384591,5.75122249312224,66.0014382952051,7.29441404962204,73.0937960972011,62.0827814374269,1,1,24.3823729785937
18,179,49,"Forward",9.28016260949706,33,1,89.3220060386377,85.7505060064587,221.062482568549,79.9977039713711,5.57534288585115,69.2008586746001,6.99638867873008,31.3277714718818,76.7670701694801,0,0,15.2929059642333
24,181,75,"Defender",13.5730690931588,23,1,72.7646303076768,73.3361105609353,284.473872129966,76.195981124097,5.7920685146667,70.5216812466963,7.07507093682983,85.7022099291641,66.8610203544827,0,1,22.8930740819877
18,172,64,"Defender",14.8967142930238,33,1,68.5426337159655,84.0710641535694,283.166800150428,80.6727360122017,5.84914591051191,76.3667796196687,7.09408582244824,70.0148730928203,76.0953932047433,0,1,21.6333153055706
23,175,74,"Midfielder",7.86981905342406,7,7,62.2328468380416,73.6886286594514,275.878825662497,82.9218231750198,6.0557012746174,77.7211195204827,7.2105016625617,58.3886180551771,60.8285586653738,1,1,24.1632653061224
23,185,73,"Forward",12.2694249971707,32,1,75.7078488754896,88.0692625070228,228.258801804136,87.5119002310637,5.89430436303583,86.4220986887266,6.63358246135582,29.3274035417104,78.568005245628,0,0,21.3294375456538
18,171,83,"Defender",7.82850392013318,16,0,77.9830854087761,80.6365239046495,243.589695034876,90.1960058208365,5.99137819289562,78.4079605320977,8.03391407718119,21.5611859439237,72.6238039631492,0,0,28.3848021613488
20,181,70,"Defender",10.6118511197327,14,1,76.0020669008754,77.0776162505874,233.495968155941,80.6844436491379,5.57509082034061,79.071772700615,6.90281115477877,40.2687291510373,76.6757806928204,0,0,21.3668691431885
20,183,76,"Goalkeeper",9.99968176282237,10,3,71.268828860861,71.0342397259478,266.125781900682,85.0416956606905,5.76875490409139,83.8520425225777,6.99633197007718,48.9374216990002,70.7448272703799,0,1,22.6940189315895
21,162,71,"Midfielder",11.8076453845224,24,2,67.5407355789392,95.7686127292154,257.5396756582,74.9224345984295,5.55872264078651,74.4854231203068,7.05020854000952,65.7554377433389,68.3711447577706,1,1,27.0538027739674
21,173,61,"Forward",9.08620818420289,20,0,74.1144842543299,74.8477746719871,236.734760368001,94.696009571905,6.45385071051318,74.3569581076589,6.42830205579764,42.1138662624508,84.331380300193,1,0,20.3815697149921
24,183,71,"Forward",5.80127064160214,37,3,64.0235931929127,78.797275087801,275.453324848432,72.0620971683952,5.62328591398958,67.9463068236857,7.65042416381242,64.8487434622055,69.5494240331684,0,1,21.2009913703007
20,190,90,"Defender",12.4059778666059,14,0,79.5974129529728,85.3668627266269,243.021756133136,91.4771377438682,6.59830273775009,72.4599945633093,8.00481693816088,45.9323474741865,77.2494400369371,0,0,24.9307479224377
20,170,78,"Defender",10.3023369806078,8,3,72.797461481104,70.7779978517347,269.037851427716,75.3509665531385,5.55935059415571,73.7580808206515,6.79008921099945,51.3707392560885,89.623592284762,0,1,26.9896193771626
18,178,68,"Midfielder",9.09268729464738,18,2,69.574038096506,72.7516278272983,259.723899133657,80.8640095916031,5.52656516039321,74.2155132332577,6.13549928272903,58.0189465479338,72.9708418575088,0,1,21.4619366241636
20,169,71,"Goalkeeper",7.02725520895495,37,1,66.9052550350366,88.8006143330443,250.113433888685,86.063700740143,6.07031763692836,91.1693699259668,7.55843996842577,49.4555938463903,76.3407093088733,1,0,24.8590735618501
23,173,75,"Midfielder",10.7645404391729,18,0,79.1296403779983,58.1803807649727,244.75747681909,89.5641044517996,5.75572914500544,77.2468185290725,7.19727933250636,46.5546104934319,64.4692338108398,1,1,25.0593070266297
21,174,83,"Goalkeeper",11.2440437616541,26,0,82.4597543247455,84.0234580824852,244.721695898819,86.6904308799363,6.88806318717832,85.5852748782155,6.24375863181041,54.3838930050168,52.1975504880493,1,0,27.4144536926939
24,167,68,"Midfielder",15.1930208096251,20,1,75.4011780611276,82.0615969600377,290.386030468979,80.9167122281165,6.11331188000419,96.2124924046036,7.65851377225111,34.3271270633133,66.8836399617556,1,1,24.3823729785937
22,181,67,"Goalkeeper",10.80299227995,26,2,73.9106733389558,77.5664614016991,240.581453992414,93.8168130412275,5.62548773242225,76.6831904167658,7.55412576947999,53.717771330625,55.3186403105489,0,1,20.451146179909
20,177,88,"Goalkeeper",11.5031675647133,28,0,57.0994919419032,80.2253431237258,266.093410855759,78.2445817921298,5.2664551060116,80.9368494004015,6.29950686690754,54.9767353046397,50,0,1,28.0889910306745
22,177,61,"Defender",10.304786711922,16,3,76.0787061522892,67.2038189009396,267.236220779686,89.7921073819239,6.0841536979246,83.4880677536887,5.99067560692599,52.7367908752461,70.6153973046587,0,1,19.4707778735357
18,174,76,"Defender",10.7924589509194,17,0,77.8436120498801,80.5478207454231,181.692203910362,82.2823287138757,5.79990379069086,76.6412696242922,6.84407811124542,52.082495447477,68.5107314522847,0,0,25.1023913330691
18,174,70,"Midfielder",11.6006823130319,34,3,75.5722124456035,67.6702537731559,234.217354679544,75.3317605997119,6.2823146389178,85.5549555684136,8.54434008971073,63.1653210116419,82.306582468244,1,0,23.1206235962479
24,189,72,"Goalkeeper",9.47908748662987,7,1,74.8502108817614,79.5447390175495,237.631761552345,88.631767127398,6.65269287689583,84.7571440252669,7.68040455358212,51.3805021477834,72.7641867571554,0,0,20.1562106324011
18,169,80,"Goalkeeper",9.5989565738952,32,2,78.1183953733267,83.3240701222575,236.42952764042,88.8759019616888,6.67503916115006,91.6442440164681,7.69599569549109,49.5968952220235,88.1826329932653,1,0,28.0102237316621
23,175,64,"Forward",7.65367476216666,28,3,72.448455945832,80.9048707386157,267.823371145494,74.9696696435711,5.51742031295157,78.7411704304889,6.14610541180617,61.8214209062638,63.7512820586041,0,1,20.8979591836735
18,168,80,"Midfielder",14.8120802593656,21,3,77.912985627978,72.0439178492606,289.930293886742,80.454723586075,5.87991772110967,50,7.08894984715897,53.0599997674128,80.0724712094936,1,1,28.3446712018141
19,166,79,"Goalkeeper",8.90251715665453,23,2,73.1723770544912,81.5240109549709,284.396316223206,78.2805580253019,5.74255207599462,81.6330776437144,7.63278268657368,48.4327573795425,62.598926425015,0,1,28.6688924372188
24,172,77,"Forward",14.0586910121411,22,0,77.8761232114189,71.0578740773337,230.800731639359,92.0171023903945,5.58676205269738,76.3450377723946,6.75210575870662,41.0821662948346,64.3899404534839,1,0,26.0275824770146
22,173,75,"Forward",11.2576953764324,17,2,86.4955700650002,86.6757847920552,262.968396590321,84.4046129386071,5.85412601992763,94.6658671683213,7.22866851786827,55.8769709128413,87.2681755796095,0,0,25.0593070266297
18,182,64,"Goalkeeper",12.2128831128014,16,1,90.05635312812,82.0276964215615,188.038208290472,81.9679481678865,5.7726157017526,83.2373062014269,8.39526169230198,49.1521686720301,80.9035734255572,0,0,19.3213380026567
22,189,80,"Forward",6.54394193223944,31,2,68.8715685697252,71.5612457383041,243.711235397417,81.8455598244699,5.81096205140912,75.7134485081683,6.22302932441283,67.1933462549388,64.6967120023436,1,1,22.3957895915568
19,182,86,"Goalkeeper",12.9237766124606,39,4,75.7910284013876,79.7960980347904,261.901853502419,78.3375183826376,5.96053018856047,88.0082811521492,6.79863541621075,72.3210767062311,75.6557210352736,1,1,25.9630479410699
23,183,76,"Forward",11.5954768331836,39,3,65.3617738668856,77.1491915954528,249.807091341499,79.0413244984181,5.687750606806,74.4797736541364,7.05225382624719,58.6959033127002,74.206355518131,0,1,22.6940189315895
21,181,73,"Defender",16.6661692763254,17,1,86.9284763788643,72.8553847086444,230.481979070067,81.3021985155544,5.7954184157563,64.1851444089476,8.45343941610607,52.4104650757993,76.8443288639448,0,0,22.2825921064681
18,193,87,"Defender",11.6486256709426,18,2,81.839856563679,94.1037944518198,272.558392708959,89.2887465590755,6.3875182445306,66.0952356331299,7.92099210893327,55.0150718350504,58.7229351751558,0,0,23.3563317136031
20,175,89,"Forward",6.13444005241255,11,1,71.0823306580436,76.6996281187777,244.071968748155,82.2036884422723,6.06278931762495,60.4675212644196,7.56881663067187,52.9469341304358,69.7094718508236,1,1,29.0612244897959
21,165,57,"Midfielder",8.29257451996822,15,1,72.9640027953007,79.1551174068445,246.175691376049,84.9232031976857,5.88122729529432,71.5087525977393,6.86384993146142,61.4575448471007,83.3907203017151,1,1,20.9366391184573
21,173,83,"Goalkeeper",12.5233473198114,32,3,78.7044826410811,75.8908133258019,238.983373644305,88.5282017720709,5.90438642598004,83.1026506407344,8.13811825637531,46.4206952701024,82.9603066881721,1,0,27.7322997761369
19,185,78,"Forward",8.50349546518677,26,1,77.6029737125991,74.5948483738824,236.532735788443,82.4685050583616,6.32680096067711,81.3350913114592,7.70673430410351,41.375977307333,72.5013927888628,0,0,22.7903579254931
24,174,66,"Defender",5.48458947905255,36,0,84.5694739129106,83.8236521398448,229.884079859375,81.9247092504102,5.58510894435598,94.4697608793519,7.58117576579297,43.8550214611264,88.7009968302379,1,0,21.7994451050337
23,198,81,"Goalkeeper",8.39604531983519,34,1,81.0720164587054,77.8085033661124,271.476752693076,79.6297023579629,6.1294635648073,76.3797755357409,7.58749895443108,40.8775909125949,82.1350809303114,0,0,20.6611570247934
24,178,68,"Midfielder",10.780298930079,37,1,82.3821777694321,75.686378072504,246.656239816323,80.8516638441801,5.88011364107035,72.9876834502145,7.02527939639139,59.1311417680121,62.9261259548147,1,1,21.4619366241636
24,181,61,"Forward",9.03101905418494,20,1,78.1551935169072,82.3951883730142,215.958431029092,84.6478399086931,5.85971355835701,88.0193929467009,7.90892430331435,42.6135960524443,83.8163421515746,1,0,18.61970025335
20,186,69,"Defender",7.20698669058843,16,1,66.040867603882,68.4108318194884,237.923280834613,68.2505907244945,5.43596621971201,88.4045309917807,7.50154412154224,58.1723908058151,68.4391448988721,0,1,19.9445022545959
20,168,78,"Defender",5.38004382149534,18,1,89.7749690912938,81.0036291297732,258.527114834167,90.1270994598577,6.22217974741548,81.7282064888975,8.78439579718575,59.2584151775789,68.7453703608894,1,0,27.6360544217687
19,180,71,"Defender",8.32352328748143,14,2,72.2780977303115,79.3228811355082,285.992483988495,83.5125258829871,5.9823143032509,75.2553961379914,7.89144659413101,61.9580417628646,88.3945483650637,1,1,21.9135802469136
19,177,74,"Defender",11.4567308301876,29,3,81.2064890304354,86.6374619050309,220.049422813901,76.9493619827736,5.90137463022401,78.2065879416375,6.92559580600007,59.8062849229255,72.2542192875054,1,1,23.6202879121581
24,185,77,"Forward",13.8603755419699,29,1,65.9643616164893,72.6097419490003,278.738462562651,81.5191029259739,6.30126382119272,68.1177874278247,5.63880408650496,53.7596294824272,70.537394972197,0,1,22.4981738495252
19,173,89,"Midfielder",13.5075992308219,13,5,74.6735077522108,70.5072805540045,240.299594490941,82.7346349161763,5.68840757098449,67.1207560710406,7.64623348080368,68.2745936059407,71.2159608166321,1,1,29.7370443382672
22,190,71,"Goalkeeper",8.94157449528031,7,0,70.3467274859022,72.9826718853069,244.507564323758,82.8056544708168,6.39321597124685,72.9737626980088,7.14603769866918,45.2665621956244,67.1572330773665,0,1,19.6675900277008
24,170,72,"Midfielder",8.13093392557794,24,2,70.7410079403724,80.5805279959333,215.678145922072,91.7369990820205,5.75567381923184,93.741016011166,8.11373391856229,53.832804636097,86.7368431926749,0,0,24.9134948096886
22,189,73,"Goalkeeper",12.0318494476719,29,2,79.2361021610089,72.1817640765614,268.304160515579,75.6853045647758,5.22537304158093,73.9555775767694,6.11791289749836,65.1255298669828,55.9746688376186,0,1,20.4361580022956
23,180,71,"Midfielder",11.2171610503779,30,4,68.4883073858654,62.6705752772098,248.657002000813,73.5552767263608,6.12620576773673,78.6213421752953,7.01169803301189,48.4774904994983,76.351116677353,0,1,21.9135802469136
24,171,83,"Forward",9.55580914624408,34,1,78.6813419711834,80.3199968138807,256.073384992733,91.0280695991342,5.87426048698236,72.6300666880628,9.86055338550198,62.1787128896357,83.0150728279729,1,0,28.3848021613488
22,185,90,"Goalkeeper",9.33658494679294,25,0,72.9845321026195,86.88697695572,237.956372315402,98.0774671434749,5.55783032720184,70.1643870113266,8.43440035846151,62.9838753235116,71.5127039461826,0,0,26.2965668371074
19,179,82,"Midfielder",9.21789528470318,5,2,71.7856061466296,85.0135376396189,282.374019036604,78.5044432787861,5.41606853093246,84.1893687851652,7.51924750265278,63.684739648704,72.3967114571078,0,1,25.5922099809619
21,185,69,"Forward",9.51104555182091,27,2,72.4625678471893,84.2959566039746,229.930589677678,82.3863891728737,6.00965038032925,81.7988567191545,6.49813594737092,54.6635711346664,66.1598193052811,1,1,20.1607012417823
22,193,80,"Goalkeeper",11.6017051689737,24,0,71.3042683487586,72.4483888498528,228.218740883622,77.9805448332175,6.61642443238499,70.5618755868881,7.57482096400911,51.7200413329607,79.1266188141131,1,0,21.4770866331982
20,166,75,"Forward",13.9369657376988,16,4,68.86680341025,66.9276772096376,266.4418302573,71.6044652182064,5.49434679951322,56.7506893023428,7.72251493847238,49.7040517989301,85.7026815583819,1,1,27.2173029467267
23,172,86,"Midfielder",9.95756601509101,18,2,71.8094362699682,76.0862304787784,225.296393557852,86.8718544618118,6.08574392808941,89.0282243470424,7.0527457332862,54.4216745330704,89.8969861748416,1,0,29.0697674418605
18,175,71,"Defender",13.2649203790659,8,0,71.5197767166948,81.42269991231,210.995993646636,83.2929627980678,6.06002622361741,70.6635135673734,7.58267009909765,35.3063743156099,74.4471674997888,0,0,23.1836734693878
23,172,58,"Midfielder",10.8568684501763,20,3,71.7308190120328,74.3157853712713,275.075869800391,90.1169158585852,5.72054617098984,73.818539815028,7.17034147231642,46.5888462020268,63.4411922073838,0,1,19.6051919956733
23,173,65,"Midfielder",10.1163634893881,29,2,72.4569538578255,80.2370230523026,261.149629678599,65.6326675085348,5.82025751252054,70.4846089080267,7.1126395952034,49.1531445902618,81.2418333972811,0,1,21.7180660897457
20,182,61,"Forward",10.0260927245721,18,2,72.8745897343068,70.8097195030953,244.727236460906,81.7208235537356,6.02619873501675,71.4696539238328,6.91000860733091,69.8663129531541,65.0833708228997,1,1,18.4156502837821
22,178,54,"Goalkeeper",11.1095492591902,38,3,79.949851841954,80.8068670548622,249.312905705901,72.1409331972878,6.18505445547591,52.8704948977576,6.94756417739675,71.3679371942884,75.3061082227007,1,1,17.0433026133064
22,177,81,"Midfielder",8.9390961718858,5,1,60.4507008457681,83.43495619471,260.760086248405,75.0561762818445,5.47300986864317,68.8196427514118,6.46227275271071,59.6072933565452,58.7527710058269,0,1,25.8546394714163
20,168,80,"Forward",10.0444783098173,38,3,85.6307932423663,83.2387715786637,261.654210670631,83.2000796719311,6.03370021720121,83.6671549366441,8.51709456501548,59.6863876669573,81.1777952814076,0,0,28.3446712018141
19,187,87,"Forward",9.74289718935076,35,1,68.7775772399395,84.2469619253151,265.702545917934,73.5896692403538,5.76737268865067,52.9776470143266,7.25733731018038,56.5165625136748,60.1474165756067,1,1,24.8791787011353
24,168,92,"Midfielder",7.53028314809351,27,3,59.9633236930567,72.3418927607404,249.046240208729,73.9156900812684,6.31619467430631,54.8101361683619,6.2845316583456,54.1918114867962,69.9292825956262,0,1,32.5963718820862
23,177,86,"Forward",13.4445046117544,6,0,84.3908701797109,81.1206051608257,281.026971005079,81.615478534655,5.6236345576851,74.1383297140559,7.16018369327692,42.3290495427113,93.6841010855353,0,0,27.4506048708864
18,185,57,"Goalkeeper",12.392222735887,7,4,74.217603852864,69.4722925255684,226.794823811873,77.0629599074095,5.44628213302616,62.2047266063438,5.65853672828583,69.8977257751729,63.5657721885786,1,1,16.654492330168
21,162,77,"Defender",10.5446124028488,35,1,80.055093678879,74.9685832901911,293.159744169207,82.4818445502795,6.2208285569616,77.3055653534289,7.39808691915068,71.7611326953708,62.1219420501291,1,1,29.3400396281055
19,177,58,"Goalkeeper",10.508164997337,14,2,84.8098632913245,80.0024884268696,241.217302186367,80.9946083578291,6.05955094482672,79.1257525689036,8.77979132850812,57.568552020486,68.9043924856389,1,0,18.5131986338536
24,169,82,"Defender",7.45566392889108,35,0,67.5350531180872,90.1522001417678,235.016001285034,86.2564278671617,6.82571148127842,83.5739190654464,7.11749138202213,47.4509905630959,78.3062120741614,1,0,28.7104793249536
21,177,89,"Goalkeeper",12.8862846309984,24,1,74.9393588112622,85.83527103518,229.680820407177,69.9804404402067,6.06360810186705,67.7779734454694,5.98550352880181,70.5879372740442,78.1282612554408,1,1,28.4081841105685
18,185,76,"Midfielder",7.71787024477226,5,0,78.4187964526336,68.2603890957878,272.345897644158,83.5032159559742,5.9466648123052,72.0195150780116,5.94545212989726,75.2462407739731,75.3078553033064,1,1,22.2059897735573
24,183,68,"Forward",14.5694225034092,24,1,76.6290903263949,89.5549472911005,214.209358490448,86.6072525682641,6.12305423983651,81.8486401842059,7.27107079030869,35.9199506825164,86.0601015436614,1,0,20.3051748335274
18,181,73,"Defender",11.140756812472,38,0,72.542229340025,73.8114804812491,269.517294669764,87.9968788409042,5.58484928594394,61.5183025877092,6.79423778005299,49.1429373458307,64.4433495513814,1,1,22.2825921064681
21,179,77,"Defender",9.3688427376176,10,3,82.9383658649421,77.7894805120989,222.715286345105,89.3622148457878,6.20652713778477,82.6403800832941,8.72986552927699,51.2092773900537,74.000919146924,1,0,24.0317093723667
21,163,77,"Forward",11.3618644240444,5,1,70.5916826500127,77.0248582860176,235.285194645492,89.8221732386814,6.21949929650589,76.5812094902788,7.93265122002514,36.5616784622944,79.4923335453617,1,0,28.9811434378411
21,176,73,"Forward",13.0762389251621,7,3,65.8132041458646,72.4650168302299,270.444931288166,82.6289220541799,5.8002294195345,82.72362249948,7.6552006098348,66.9200066677836,69.1275504362764,0,1,23.566632231405
18,185,63,"Goalkeeper",10.990545359737,13,0,77.2419851710071,77.2776838600608,208.233199074308,88.8249617696601,5.64360358538525,91.9121884035004,7.23233522313596,61.2501706238995,78.0636854609372,1,0,18.4075967859752
22,172,85,"Midfielder",15.4767025105282,8,0,75.9368072711604,91.8000940550082,239.068459518539,86.8441610966528,6.20795569462397,85.3082720253072,8.1371183584611,55.1677729398028,76.722383962725,1,0,28.7317468902109
19,182,68,"Goalkeeper",5,37,4,62.1489171689072,76.7654531663294,264.470173490637,77.6593121300032,6.2809748716993,73.1525974606258,6.49810940825598,63.5371884910421,84.279453597584,0,1,20.5289216278227
18,168,76,"Goalkeeper",8.73529951305827,9,3,78.7220100057203,79.3189911956684,239.361462277454,78.6445258488791,6.15571142336337,77.3765173383507,8.58013016612358,46.3517297442382,79.8995891100662,0,0,26.9274376417234
22,176,88,"Defender",7.21571352667308,16,1,73.2316078721905,82.7524288368348,236.48619114222,94.4638662781856,6.89822786528356,78.9962340871278,7.41612489792767,62.1873357956774,76.841455931029,1,0,28.4090909090909
20,175,79,"Forward",11.772714647028,12,4,69.7945346459973,76.5045607676781,306.335646878052,87.1129760771628,5.59723118791856,78.6128806905257,7.75405122096784,60.7797277368547,65.6745564088709,1,1,25.7959183673469
22,188,91,"Defender",10.8464150051735,5,2,73.3365107950321,75.9824091295576,293.47455562229,82.173815906714,6.03947092768823,64.6135144225729,7.95817125981036,45.1594797414445,76.3374478242998,1,1,25.7469443186962
18,183,74,"Goalkeeper",14.0352363045189,39,0,85.2214060486821,94.6970712145255,267.876664893977,87.5489153776803,6.37992274867084,65.8883822642125,7.79467018604179,45.5373629696584,78.4111933992058,1,0,22.096807907074
21,177,72,"Forward",11.6057363412976,10,4,76.8533880820976,76.1012308693346,223.282507060147,92.3983043920578,6.2730005700315,79.7036302258111,8.03820106344307,62.5406610211678,65.5349293054399,1,1,22.98190175237
24,165,71,"Defender",11.0545567725272,35,2,74.7281213526603,71.0525308291824,248.045245670075,79.5413141906832,5.82770353070244,71.3525823049984,6.45391308603337,68.2295624976111,70.9144438415489,0,1,26.078971533517
22,166,73,"Defender",17.6638147459398,20,0,80.1227872164438,87.6062137164002,253.48667888553,85.0730169740679,5.89594310445585,73.7436118140312,8.69854225545232,40.5144244494651,81.25590907966,1,0,26.4915082014806
23,165,71,"Goalkeeper",8.82642784768382,30,1,85.3172651482569,79.5482146502441,251.204689705476,78.6605097984215,6.11769725265079,78.0089748048552,7.69965031445043,63.2062274853966,77.8709112914755,1,0,26.078971533517
22,176,75,"Midfielder",11.9422724328454,29,1,81.4735204519708,75.9176692706178,232.19725943011,88.0536761824074,5.88559597332178,66.4944391356113,6.29392572155406,40.5709907160335,75.0516677807485,0,0,24.2122933884298
24,175,75,"Midfielder",10.2801826250069,13,1,67.4639255466894,82.8263578364122,248.605358139194,60.0594837315082,5.59731191444392,80.7407100576823,7.81998267016924,53.6832482092318,80.1594941539136,1,1,24.4897959183673
21,178,73,"Defender",7.98501970303791,32,1,71.3688088423044,87.8584519990428,212.627692978374,86.9892467042882,6.47723998219685,89.9086497054221,7.29113570916474,60.0954240751042,78.6237575586237,1,0,23.0400201994698
21,176,70,"Forward",13.294593481176,31,0,78.43972609259,77.3589337059955,270.544407186374,85.5723131140575,6.06620560911425,84.390282493113,6.90472425654836,43.4294131547528,84.7544682909024,1,0,22.5981404958678
19,184,70,"Midfielder",10.4642564373475,38,1,73.5252430470051,86.2352038875939,225.980524038036,86.3713962665451,5.95668323405325,88.1341423276421,7.05442802057382,51.0896974668738,86.2467231940393,1,0,20.6758034026465
24,185,68,"Goalkeeper",14.667095282243,22,2,70.3165015659245,80.8818562601717,250.833760063347,84.7765822284747,6.06309389118305,63.3731874498051,9.64231596358514,44.7350691423689,86.4084054395963,1,0,19.8685171658145
21,188,79,"Midfielder",11.2739971457903,27,0,88.3052860781636,74.2611494912507,229.127449866468,78.8127495216545,5.86348579981396,72.1269865204634,8.97057930851013,35.3510874211881,84.6737996096283,1,0,22.351742870077
24,187,92,"Goalkeeper",11.0767156318057,17,2,77.6978702952096,76.7481184540641,238.090626653741,81.0817220130361,6.14074947454647,84.1408439013128,7.20790408013372,31.2530033988771,85.1156432184112,1,0,26.3090165575224
19,179,71,"Midfielder",13.0139138109111,24,2,73.8159839756082,85.9545586055496,272.738677217575,90.4337867131814,6.64979287254063,82.1722003543162,8.68431895028647,46.5075284482766,72.3440968799808,1,0,22.1591086420524
21,188,88,"Defender",9.90688095027749,33,0,66.8506891952154,80.0713496178952,222.628227791399,94.2676749386427,6.142484026808,93.8350272795432,7.79205499069274,42.5473112368283,84.0676997340052,0,0,24.8981439565414
18,171,76,"Forward",8.40938657044432,6,0,67.1040635903427,81.6926938107841,295.060353308374,91.6601377055378,5.56890536353594,66.3294085177944,7.7766690908839,54.6552689267055,67.6190256026743,1,1,25.9909031838856
21,177,81,"Forward",10.7374382317063,22,0,77.9699260856792,78.7525291642488,265.287201593109,94.4135295912635,6.12775493534344,71.8831252112859,8.377722304033,49.3921747610549,73.0080037018559,1,0,25.8546394714163
23,178,75,"Goalkeeper",6.8956010581045,38,0,67.6238216443888,80.1938752979373,282.834287087294,81.351156946761,6.07784200737245,68.421846301421,6.09109138954503,59.7329685685115,68.9887342242346,0,1,23.6712536295922
20,176,66,"Defender",10.9812308604475,20,3,79.9990167401603,67.3600378115922,270.404605684315,72.8821342479162,6.0793985071477,76.2058929316563,8.1655768833153,64.6109105764874,76.6729394696,0,1,21.3068181818182
23,181,89,"Midfielder",9.36948223186718,32,2,79.4814272034125,70.706552304145,281.987455715774,75.764886244302,5.84661409274082,90.7023769098538,7.42453303243614,64.6905491215416,69.2689475534479,1,1,27.1664479106254
24,163,81,"Midfielder",11.8843648456551,32,3,67.8163951370762,63.6480591426816,270.205916460087,81.0926022290768,4.86243536338013,71.3417531481276,8.0905763546967,45.3009469499209,60.1458822417164,0,1,30.486657382664
21,172,68,"Midfielder",5,14,1,65.9159385230079,70.6354088019251,265.43233642528,84.2561656813196,5.82353121757318,77.1855944942798,6.67785318168646,59.0439877062108,63.633297345437,0,1,22.9853975121687
23,170,64,"Goalkeeper",14.17475268551,18,2,72.8844491963092,80.776559969424,289.352452087527,80.3525626598234,5.66852479771618,76.601483193864,6.5602931636196,45.2337462896654,79.735648029706,0,1,22.1453287197232
18,175,75,"Midfielder",8.619287993475,30,2,72.7539392671497,83.9514058063984,283.36537251798,86.0998085658433,6.07952107617221,97.2697912648383,6.43040638816249,59.4722618656486,57.3622642567593,0,1,24.4897959183673
19,188,95,"Midfielder",11.5410870696757,7,0,80.2830102506298,84.4040140681252,225.308985589368,84.2380867715783,5.97141303293959,90.6580448833582,7.62343471035436,55.3762491753359,92.2578831492619,1,0,26.8786781349027
24,187,72,"Forward",11.318649120924,30,5,71.1211619326009,77.3698601718913,242.555174052512,87.2069630591148,5.67322813111387,68.7887594514525,6.5394779609028,64.2747762950778,74.9117929073571,1,1,20.589665131974
20,169,71,"Midfielder",10.8530292913559,8,2,82.6748628358373,81.3514294510767,260.946943738848,87.5162775029459,5.62170915325107,98.6601585135099,7.35589342229292,58.3577401214225,92.8229599364314,1,0,24.8590735618501
20,175,77,"Defender",13.0323300372247,17,4,81.7777168980048,83.3967304212785,261.963600692354,66.6073887177343,5.92812236841485,79.7491445006912,6.50968858839747,71.7717138209703,71.7101808295003,1,1,25.1428571428571
21,168,62,"Forward",7.76927998658428,8,2,75.8782853855893,78.6632274241744,256.694887555215,77.253348280648,5.72333220514501,87.5594801827776,6.44406295105237,51.52956514754,66.4925397042912,1,1,21.9671201814059
21,168,79,"Goalkeeper",7.6519104274257,30,0,86.7381633894154,73.0953993773291,246.439415981265,87.3053497807524,6.25249083740789,76.1393569317501,7.6543432648306,62.5896818723582,67.1243003170861,0,1,27.9903628117914
22,185,70,"Midfielder",7.43381876240401,38,2,77.5048522677112,89.495345016247,247.209052268062,87.7488593682665,5.70131461830292,86.4922957639049,8.12763295929594,36.5559197804282,83.7650957712445,1,0,20.4528853177502
21,175,88,"Defender",9.98499968916281,21,1,72.9032822013821,75.3204544881996,255.223990738431,79.8451586834862,5.16402037869087,68.890637724418,7.25011348085448,54.3104887878814,62.2874299107312,1,1,28.734693877551
24,185,81,"Forward",11.2193231329938,13,1,67.3404389809325,80.6746939985121,244.739136033377,90.32248445489,6.24741483287315,78.9301131384237,7.16862061355532,39.9946681339695,83.1001037914694,1,0,23.6669101533966
23,181,65,"Forward",6.76511570224776,36,2,83.7363368788688,80.3938893742671,234.657374115586,88.7336252952105,6.32229473022224,90.248185111833,7.29329312899877,50.2916288911822,74.6189114994993,1,0,19.8406642043894
24,169,81,"Midfielder",12.5327466886105,26,0,79.7796751831955,75.5003584674055,225.996193669671,78.9949782558754,6.02166169546239,91.844107610193,7.41896465570465,43.4136594273713,82.1066468106795,1,0,28.3603515283078
21,181,73,"Midfielder",7.99664714135714,9,1,64.0631660848052,83.9027845847707,226.068742585466,75.1159180476242,6.07340425624966,95.0094831118458,7.23117483622659,45.5986474015925,74.3980615209996,1,0,22.2825921064681
22,177,80,"Midfielder",11.9387119162968,16,2,79.8338439316744,73.1407071204002,225.260533000788,85.844022010491,6.13625786084003,82.0875830020998,8.03078688172149,58.7222473129816,65.1114867130229,1,0,25.5354463915222
22,173,90,"Defender",9.72487644788943,17,1,77.1276762299741,70.4009737059047,264.181495031355,80.5555366829048,5.86087630648641,78.7791640761332,5.48011807956685,50.8652221041926,66.2841147632391,1,1,30.0711684319556
23,171,84,"Goalkeeper",9.9226761395509,28,3,84.6285382902604,85.8283126413182,278.305461545673,83.6884672226793,6.56135279984751,61.6965089754319,8.45984138429069,48.5355055918338,81.0014545014351,1,0,28.7267877295578
19,185,95,"Forward",8.97750965319669,39,1,83.245187251598,83.2892108428579,235.81565309246,90.062573252207,6.42609324737786,73.4443299487807,7.56601694884729,52.0425369119398,64.5040103549597,0,0,27.7574872169467
19,164,83,"Goalkeeper",10.4821394258379,13,1,62.2839839540213,76.5527645714686,255.912764583148,74.4179148983357,5.64213253855197,62.5300861876885,7.95659800786639,57.0667857123627,78.5980634278046,1,1,30.8596073765616
24,187,79,"Forward",5,29,2,65.9582276097062,80.361540106394,257.762151446124,88.1189472737623,6.26307422928676,95.4461610493347,9.03902994362479,51.8391401565687,63.8132955167723,1,0,22.591438130916
20,174,71,"Defender",10.2853666734497,11,0,66.7296399912636,94.0136145698465,224.836969105025,91.62672351765,6.46304611406134,73.6079173285881,7.57301790311032,53.7648657673788,86.5970233199931,1,0,23.4509182190514
18,174,61,"Goalkeeper",7.53408949496825,10,1,80.2959445895719,76.6016706296598,195.925655728237,100,5.97205415069944,83.7816546756191,8.53227351199987,48.0064448654206,77.1567123414735,1,0,20.147971991016
22,174,77,"Forward",5.86705540057447,39,0,73.9334772815931,76.6533322139497,267.218613322876,77.8282827473932,6.24628384022658,85.6429715876939,7.79792068519982,50.6040928906015,83.2911027425018,0,0,25.4326859558726
19,172,68,"Defender",7.03233173113763,17,0,82.6165994198237,85.5327213532914,232.039716831614,98.9940155242458,6.29394546728513,80.5329431452408,6.77162720290427,47.0086107736011,68.0507393362392,1,0,22.9853975121687
19,170,76,"Forward",7.71600987375264,32,3,87.6391163906914,75.4853429919744,248.064764429986,95.071158121945,5.96839470844527,67.8328980301275,8.76657581572852,45.7862476703934,92.1657460202516,1,0,26.2975778546713
19,174,63,"Midfielder",12.0588786960276,37,3,72.8655485218054,76.6008839767516,256.672118524439,80.7516018852897,5.62055878237942,76.5617240801262,8.00395128035697,46.7364852018571,91.2667958243854,0,1,20.8085612366231
21,186,86,"Midfielder",8.22981765056234,22,2,80.8679872830132,84.9073175575678,232.200670489514,84.614399386379,6.08478429428521,90.0979443993206,7.33474035607329,52.0321891724104,73.836094408567,1,0,24.8583651289166
24,183,80,"Defender",9.38606524219075,12,4,73.0204462844151,76.3927538753902,244.768720490507,83.8160680826586,5.84200735598508,75.2378239460312,7.01486997881005,43.9108616688204,70.7345544132582,0,0,23.8884409806205
23,177,83,"Defender",5.78194115653013,37,4,68.5670125777109,60.9281585936169,278.89379919196,76.0974551902947,5.9864724628775,73.922066647891,7.61737667143901,68.8852347814654,72.8735883944428,0,1,26.4930256312043
19,179,76,"Forward",8.94894601527762,15,2,82.9694117277368,91.590260563156,260.506321260355,78.4561627942854,6.22608864822048,70.5056049408154,8.53313784359564,56.4504732140465,81.7337086871218,1,0,23.7196092506476
22,172,72,"Midfielder",5,14,0,76.19800255871,69.7184302772891,260.676561654809,85.7480986478801,5.47561222377821,56.6434014861855,6.04786866222323,58.6831008805726,84.0272769011423,1,1,24.3374797187669
18,169,63,"Midfielder",11.8758857781018,24,3,74.6888203856956,75.6229330039113,219.001015646783,87.202170990033,5.8862776599763,74.4947901737821,7.82681172029176,42.1021831164881,65.4611382027134,0,0,22.0580511886839
18,178,91,"Midfielder",10.061896500343,29,1,74.5756988987177,78.8655008789143,244.365213584643,83.6753261502002,6.08520714001424,76.7716062748129,7.92380171389265,45.8650953462159,94.4172433320778,1,0,28.7211210705719
22,190,65,"Forward",9.48874998780578,9,2,62.1337171837342,67.346192580809,286.343407720661,69.3371864997128,6.11003406935401,83.1399652506305,5.91822590996003,58.4016333501588,76.890164619993,0,1,18.005540166205
21,179,96,"Midfielder",8.07152370001674,24,0,67.6054223511145,70.6636657566728,296.706442723746,78.7263331320585,5.82306601674049,75.99762317563,6.46586706421266,65.9702903686106,64.6027016545677,1,1,29.9616116850286
21,184,81,"Midfielder",11.3213110673969,22,1,76.392547081787,67.1917885181208,297.263317286648,90.4882272022363,6.18481585219216,67.7547580982326,6.72611064545913,59.6784980029993,67.6505806275964,1,1,23.9248582230624
23,177,74,"Defender",12.1179872903255,38,1,73.6701037404271,74.2088703820767,230.094404306692,88.1700004610498,5.98798337920359,82.5890780932223,8.65054875168775,33.9620981499716,86.6808062633093,0,0,23.6202879121581
24,171,45,"Forward",10.1527218374469,37,1,76.9291687103137,69.4914839627582,241.895194131916,74.3562757357686,5.781828676459,68.3993519728084,6.31284803007958,49.2605570847984,74.3774251514896,1,1,15.389350569406
22,186,70,"Goalkeeper",8.2600054045915,15,1,62.3025323733063,82.8113648510854,253.25586987125,75.9455703448129,5.68746325108574,77.2406879358951,7.05648099543157,63.1239108345636,69.5276993525005,0,1,20.2335530119089
23,178,74,"Forward",6.10681128578794,5,1,72.8707999855722,72.1595478390061,261.533505320378,78.2798576616896,5.51074966095846,61.7070731800429,6.94972609672133,60.3145770692477,60.4995730698581,0,1,23.355636914531
20,181,71,"Defender",5,10,2,75.2738977198743,84.7271022416698,231.054723894969,90.7348268698757,6.38861293664591,93.8613046807505,7.1487346884701,57.2970718335958,81.1715915057905,1,0,21.6721101309484
18,173,53,"Midfielder",9.75702305815066,33,0,73.6919994685033,76.1724134715029,244.311358469984,79.2639028380766,6.10886531463667,83.1943334617492,7.08010167629925,69.8726564784299,74.7749106239244,0,1,17.708576965485
22,185,64,"Goalkeeper",9.067963769617,33,2,70.2913192100626,90.5097540345397,246.462637428223,85.3512035070478,6.29212957176393,91.3585361405363,7.73599485466667,43.2565124151805,80.0755430020123,0,0,18.699780861943
22,167,66,"Defender",6.71606992104972,20,2,75.9295808143825,79.37429358551,215.060726021674,92.58710713106,6.64966752593559,79.6215988761816,7.69635406861108,62.5502760765157,68.9447056180839,1,0,23.6652443615762
22,174,75,"Midfielder",8.56500818305357,30,2,66.4263895550611,78.2833210788122,295.52187032602,77.6758882594373,5.48046646066852,69.2992481502247,8.13349295371727,72.751339426221,53.7996117822408,1,1,24.7720967102656
21,184,80,"Forward",17.6707554523033,14,1,63.117846441339,80.3453795928737,248.012408369713,70.9115388271068,5.99648917491186,94.230898172348,7.10634965448909,58.1880407637577,83.3469772078757,1,1,23.6294896030246
24,177,67,"Defender",10.1830817817026,25,3,65.2682828088477,83.6833164584671,228.832925921084,80.4539190027368,5.71906013209443,75.7997122213125,6.01309626555585,76.0447537705633,75.3034757165962,1,1,21.3859363528999
20,168,77,"Goalkeeper",13.8642791742845,35,0,69.7069809396212,75.1685302402758,237.115623664302,81.4130233584078,5.480599674551,96.3168985859081,7.98871711183453,56.0295065859033,59.7685115660728,1,1,27.281746031746
18,185,67,"Defender",8.45912944446357,25,3,75.503843310334,78.9315206896456,251.252820083273,69.6217980160451,6.46469810443958,78.6860133977797,5.99221682390147,73.8568100324603,63.0206565236207,0,1,19.5763330898466
23,184,59,"Midfielder",7.70733776017886,20,1,75.7297274660725,82.0826753687014,255.453048470532,91.2044889136337,5.88939684764712,77.2973168897187,7.18572060746253,42.071387115281,65.9408635247556,1,0,17.4267485822306
22,181,74,"Forward",10.1847671803944,10,0,79.9888854588178,66.4429619593933,281.540642561842,76.0277616541977,5.36254739345208,66.5060189595144,7.49121250369315,53.5118229441313,70.4224153842376,0,1,22.5878330942279
22,180,62,"Defender",10.0656054986674,37,3,67.6753958256302,87.3795448549933,256.769861925919,89.1944670391926,5.47710822063513,90.5858799626701,7.9907475912596,49.1467137838938,65.0308413619071,1,1,19.1358024691358
23,170,77,"Midfielder",10.4056396864293,26,0,76.16251506732,86.9137244653058,222.811984194804,91.181278332501,5.93520835312851,88.9773930696357,7.44525681517259,36.9260983718015,94.8733965414442,1,0,26.643598615917
22,189,59,"Goalkeeper",11.6362563763594,13,0,72.2185451540139,85.0271632945045,238.143719009476,73.3865823722878,5.98949790274008,84.3721779857272,8.06480364025453,40.1954131678162,83.7479414366969,1,0,16.5168948237731
24,178,92,"Goalkeeper",9.29750666811738,31,2,71.9134176672729,81.8826228496511,250.865394078002,70.2125046512793,5.32275388965285,75.5352949346517,6.93724302047096,55.8700442479771,64.8284027274672,0,1,29.0367377856331
23,193,58,"Forward",8.7193511521692,23,1,77.2608997321235,91.5278726339538,204.661172626928,80.7619182272389,6.08642874568602,86.5344139406678,7.93017838713092,42.3522559640191,80.6971536214488,1,0,15.5708878090687
19,169,70,"Forward",10.6417680894855,31,3,84.0403746368012,73.0187761709076,237.46233844913,85.4511936343234,6.02783891483652,57.0954130221552,7.52152537262404,46.9670419819439,77.2797378734021,0,1,24.5089457652043
22,160,67,"Forward",10.5222215744812,26,3,70.0089234758553,80.5433310077442,254.894718594075,75.4394668082344,5.765108296616,75.8053617701418,6.73400944688922,68.8433687771372,54.1282865429329,0,1,26.171875
18,177,85,"Defender",6.3416090311081,15,0,73.3249935845192,85.0005089034092,241.121667951737,89.2425279235287,6.01093656750626,93.2563775176072,7.65494584922723,37.7994814464163,74.506914420982,0,0,27.1314117909924
19,183,105,"Forward",9.78144089339506,21,3,73.6616988046496,77.0005199966417,271.916744489029,82.1738048646402,5.79597570659471,73.9629557782742,6.95818064480936,64.4840096310033,73.9698085252651,0,1,31.3535787870644
22,171,59,"Midfielder",9.60203741610816,13,0,77.1936862148079,83.9449457267179,212.300437264891,80.3190733794799,6.37332775769536,76.0306930266651,7.42544952732794,39.7227895138658,77.9889316461815,1,0,20.1771485243323
19,180,86,"Goalkeeper",5.90168395235889,6,0,78.1716433891213,85.191730265218,249.146129085478,88.0766723369625,6.10012322901278,89.4085659709678,7.52489436837398,55.6862877729142,68.7935052451542,0,0,26.5432098765432
18,180,74,"Forward",9.47739034029225,9,1,84.5809661967444,75.16548066471,254.722794131746,79.0251653387833,5.24054956495758,66.9800792630986,6.58576069523967,65.3099905048693,62.5434855406349,0,1,22.8395061728395
19,179,66,"Midfielder",12.8636598555912,5,3,76.5440807318549,81.1219093933031,241.995726161771,90.797391203492,5.80020050413342,82.3837672891084,7.86214627455104,46.1486654678911,74.9565832554433,1,0,20.5986080334571
20,175,58,"Forward",10.8540083154128,33,3,76.5405234817195,75.9900374913287,258.21344383954,83.3514024786224,5.48333743560167,68.0958524453435,7.08551078082156,63.469544487718,66.8732248645407,1,1,18.9387755102041
22,167,71,"Forward",9.5858429816982,9,2,75.3296949528702,65.4409254324676,244.560915375769,80.5728436634802,5.45101181001985,68.390109189915,7.05703428229027,63.3246024251246,71.7909328604754,0,1,25.4580659041199
20,168,86,"Defender",9.31282877936238,10,3,67.7592468556808,83.665049875037,273.752137603115,84.3506160478032,6.08772094312663,83.9430120835623,6.74976583900222,65.0958375854408,70.5254933286437,0,1,30.4705215419501
22,169,65,"Defender",7.52573096736488,14,1,72.2290357036084,77.3016058848882,215.5162708084,89.4220778270692,5.80878302173616,82.1252181475907,8.10631656989297,55.7483731970215,58.102807890536,1,1,22.7583067819754
22,174,45,"Defender",11.3750416557063,22,2,72.2662999182465,70.3482627665881,246.588813218031,87.6636808183526,5.67799975132082,69.0675853252618,6.99820692353066,79.3118984769798,74.0243445834406,0,1,14.8632580261593
20,182,68,"Midfielder",7.44904387690896,7,1,83.3916783821105,73.4355179425925,194.854600023522,91.9760216369154,6.43923973966934,83.9210732293576,8.49474625888181,52.1998460851487,78.5017063423842,1,0,20.5289216278227
18,182,87,"Midfielder",17.9788845526656,6,2,72.1107833820257,78.0054954074416,275.42543845487,77.4132823289874,5.83878415780548,62.2661407826831,6.70090271221528,61.8404510250357,60.8846542306142,0,1,26.2649438473614
21,172,82,"Goalkeeper",9.80705825547955,21,2,65.7803976647442,70.4535070049981,264.801723195629,73.3085682043923,6.07377814874164,75.0301215433688,8.37854188222908,64.7407960094862,75.1954872405852,0,1,27.7176852352623
23,168,65,"Forward",9.27082378240885,9,3,77.0361723909669,73.3826849060067,252.475333279809,71.8540836733497,5.41178348212479,65.9082215538636,7.04246288846384,46.8668240851407,76.7217471681336,1,1,23.0300453514739
19,180,86,"Defender",11.3672916216754,12,1,91.9088815708196,84.7092577714597,222.068860045115,82.4934482239426,5.58449208445824,81.1998479186824,7.63485723839074,38.3582970942456,78.6611742019685,1,0,26.5432098765432
19,183,71,"Goalkeeper",7.32255613146564,5,1,73.1451359699576,80.3046251930742,255.533300348093,91.916569686552,5.59897890609966,91.1046259209878,7.1429115549068,55.7188522232306,86.6050450148091,1,0,21.2009913703007
22,188,76,"Forward",8.26133191483311,39,1,63.5748155902813,79.4642143354486,257.685326164315,87.3086459794773,5.89952142427987,74.931994246006,7.93458174890328,66.6853274528779,75.3349185038553,1,0,21.5029425079221
23,167,75,"Forward",6.7296267468242,20,0,69.4927096920253,71.1933072169999,243.944007194142,82.3697665407948,6.44529437892665,81.0814182177594,8.21164522068608,54.0278545071481,74.5798234077103,1,0,26.8923231381548
19,187,66,"Defender",10.6990128776113,35,2,83.8939910270938,73.8611436713033,249.191059306357,80.1968315279409,5.32204405447989,78.4111375823838,7.37153061916609,65.1822926628698,79.3831638716962,0,1,18.8738597043095
24,166,73,"Defender",5.44150568368547,26,0,69.7785901934579,80.5747711606364,217.038249814119,85.4100598318294,6.14770109647689,96.6502819709396,8.01404535054948,38.5630233068792,68.5679739155131,1,0,26.4915082014806
21,169,56,"Midfielder",10.8734520714495,15,2,81.1255446306173,74.0531387142119,269.827123333146,86.5631934404812,5.56539024078317,75.0343422611857,5.60714640767907,52.9673535440746,74.2655446395917,0,1,19.6071566121634
19,179,67,"Defender",8.07871911647808,37,2,63.6275004273039,66.7506619766365,250.858722693982,80.5056103584492,6.3256254755171,70.4419658682941,7.25681633423023,53.7375697731384,75.2467277064079,0,1,20.9107081551762
20,174,78,"Forward",14.2666497484215,13,1,74.951256347069,78.0020383913273,279.927607732417,76.2868202491748,5.75156821812682,68.5057761353793,7.43023062278792,82.8162703999637,66.3605533577649,0,1,25.7629805786762
23,174,58,"Forward",6.44724961805671,22,3,76.4789111335756,78.1886134988841,256.09082771612,82.6012152595714,5.62356862737725,82.4037313235534,6.57489623860153,54.3478420154764,79.5381636568307,1,1,19.1570881226054
21,177,68,"Defender",9.14800736140557,14,2,76.6659721760711,91.1969868485573,232.995938161843,83.6160668912378,5.76725422314144,67.1003018803326,8.26873555903119,48.6970874210452,89.5727582187189,0,0,21.7051294327939
23,170,55,"Forward",7.51383412248021,27,1,69.7152763036427,86.4545729064493,203.486674665768,81.7386277234331,6.2269238331609,80.2514809145044,7.20200584715419,38.7343812452903,79.7726277984138,0,0,19.0311418685121
24,186,83,"Goalkeeper",9.23252572933424,28,2,76.18289674812,72.7293267152868,261.497849519622,81.9288032979789,5.56794691251662,72.6998898476566,7.38542246025793,61.1050321896397,76.5172969403631,0,1,23.9912128569777
24,185,70,"Defender",8.56770138983022,24,2,74.4254216327166,80.0051344041605,240.390683525034,77.1375567718165,5.69533795321482,89.1182416251377,7.10914071372469,49.1230031999503,78.9661688538934,0,1,20.4528853177502
20,181,78,"Goalkeeper",11.4618825387671,36,3,81.6064126967793,85.5617913476078,216.947582508771,95.4733106088772,6.4835788879959,66.5245645253474,9.02089687533138,47.3605093432362,68.1723695047974,0,0,23.8087970452672
21,182,69,"Goalkeeper",6.94772362134235,28,0,68.9603436477497,83.2493736743887,257.86050839585,75.8132640916683,5.99215261710718,76.2941365969926,6.10608939456565,50.6445120602532,77.7999064408428,0,1,20.8308175341142
18,177,85,"Goalkeeper",10.0142430281154,20,1,70.8275084587932,75.2734110074359,246.875064848993,92.4543109421915,5.25936051715704,70.2601284114889,6.94553764302745,59.5690859358527,66.6541597759084,1,1,27.1314117909924
20,171,58,"Defender",6.12576422461301,9,1,86.258926494095,95.3772998342337,242.748670428936,83.3839195164147,6.56996191476927,89.1225612931958,8.47528886077752,34.9150411296369,70.7352717851552,0,0,19.8351629561233
24,178,76,"Goalkeeper",9.88683873278159,10,1,71.2737134974612,69.3469581009376,249.82328646217,85.6323659323124,5.42778574764346,71.1116233527664,7.3383610824115,46.3053229912392,60.1231948976149,1,1,23.9868703446535
18,186,79,"Defender",13.131081545945,20,5,62.8769945823131,76.6626307695504,281.508269643089,79.1583119818026,5.73278128158979,82.1359179178126,5.67628990313937,68.1091968648651,77.9886997608793,0,1,22.8350098277257
22,185,81,"Defender",5,12,1,74.9834069614142,72.6700104831182,298.666473765018,84.4656600126574,5.63833112008929,76.1793520539487,8.68226963722117,63.1744861107508,73.4270596891231,0,1,23.6669101533966
22,180,76,"Defender",10.7007818134132,9,0,70.2653161773167,73.988600766717,240.167881990857,78.2915630499997,5.75108517830758,76.4162625820828,7.53465749528802,69.0847028236573,73.5343528093236,0,1,23.4567901234568
23,183,69,"Goalkeeper",14.7556196392985,13,0,72.7710628740033,76.5761279769196,225.662985742728,80.42917940771,5.7123077226127,86.9220439387187,6.77354628575741,55.851100587616,74.1545448252045,1,0,20.6037803457852
22,180,66,"Midfielder",8.03552781745751,24,1,83.6432898785143,85.0251591948505,261.993924237609,83.6588572495681,6.19249655155448,92.6832214728446,6.94232485055283,39.0450541139201,93.931968053897,1,0,20.3703703703704
22,189,76,"Defender",7.61824014910429,38,1,75.6055722313681,76.6601792459974,264.966368867115,83.3529104047521,6.03393061667189,90.046896965727,7.30531389107565,48.3882668776895,86.0259780265942,1,0,21.2760001119789
21,172,71,"Goalkeeper",7.09542642189354,34,2,80.3658645326698,69.9744638482176,242.912809334448,79.0880957667957,5.76213703636888,74.895291621695,7.42334023119486,71.6765641729211,55.2000603292005,1,1,23.9994591671174
19,181,56,"Defender",10.6422204244142,39,5,81.2575763176147,66.8020154483601,237.444093994346,71.2633033630978,5.68478225685501,74.7890720493833,7.50867987887835,79.2369067931026,68.8078184596616,1,1,17.0934953145508
24,180,79,"Goalkeeper",7.36634067112472,36,3,82.2716830840359,80.4289127580727,249.389075438992,73.3698699538789,5.59610780377918,63.3287709934279,7.60635362988256,59.8619625310511,70.2951884307206,0,1,24.3827160493827
22,177,61,"Midfielder",10.8213868183766,32,0,72.9096053607561,80.8056747149499,227.485276011716,81.9665836029641,6.10747847334357,93.3234306258995,7.58819917524916,50.3333176522059,87.7867723877606,0,0,19.4707778735357
23,181,78,"Defender",15.2777572860162,37,1,77.5741502106091,81.0412611365608,238.593692085743,88.7268025559382,6.30702051513506,85.267911759724,8.75848711383281,56.5786094019379,73.216900301505,0,0,23.8087970452672
21,176,88,"Goalkeeper",10.7231722274188,26,2,74.6008816832855,73.673692006813,267.106054837253,77.96883790517,5.81177761879176,83.7631740478133,7.12908207621564,80.4265776279177,61.9355528412767,1,1,28.4090909090909
23,174,58,"Forward",10.8287176895962,15,1,88.2169987149767,82.1299720572352,283.432640080356,68.4992373527276,6.11328455824742,79.3948941590324,8.0411404737842,71.3917337178837,63.5314686178436,1,1,19.1570881226054
19,184,68,"Goalkeeper",13.3665402215942,6,2,74.8271488276869,84.638513729617,253.345997463605,85.7259961950588,5.86931828777088,99.5528212851173,6.82672671451336,46.5713677185846,75.8559611746689,1,0,20.0850661625709
24,182,81,"Defender",11.8713565681265,15,1,75.7032499951215,70.6927450224992,265.032759074096,76.1866859578201,5.95801700279888,71.4772450924679,6.84741237734315,48.366684240151,68.3353402602532,0,1,24.4535684096124
20,185,69,"Defender",9.36814102376408,34,2,74.9192680931022,83.8834729651744,242.534173769431,88.3966928269342,5.77931592634268,85.0548370466249,7.58009919186726,58.4489293441999,78.8630139991069,1,0,20.1607012417823
21,163,69,"Forward",8.43489439553249,18,1,66.3023542268749,76.8258580999565,251.563878380526,89.0610541827147,5.6598321758241,75.9001216050819,8.45511676101102,59.673611215692,71.7119796175875,1,1,25.9701155481953
19,183,63,"Midfielder",6.8524750364986,38,0,77.8225797871514,74.7820217664773,225.773395920598,87.9753738596808,6.11497806601542,75.1984606031937,7.49791928864483,41.125533275109,83.9868765804601,1,0,18.8121472722386
20,179,61,"Goalkeeper",9.32386699231006,14,1,85.6152699554618,76.8113094247657,223.337794763823,92.2769379078216,6.69105177950543,100,8.20867531789103,50.9899765822787,75.3235909175477,0,0,19.0381074248619
18,171,75,"Goalkeeper",8.04832618887169,19,3,78.8353761586634,74.2299247197071,267.081668666209,86.9194625024643,5.86271390738208,71.7632411386842,7.27566206035376,62.3824538073783,68.6339511683727,1,1,25.6489176156766
22,164,82,"Goalkeeper",5.71181933746822,22,0,79.8521509694322,79.0708713920309,226.932887078661,72.6469140490954,5.93432725414823,80.1653390565444,8.38585496230529,47.273588440249,80.2552372817775,0,0,30.4878048780488
20,172,75,"Goalkeeper",6.41618766230446,10,0,87.3884771433874,77.5712530700528,221.816092664318,82.6453579701525,6.11347211260027,75.304396495865,8.17161788752554,51.1826908990497,83.3674489712831,0,0,25.3515413737155
21,193,77,"Forward",8.46794803052727,19,2,71.2557507931613,70.2884686719253,245.727864316726,72.0815053326136,5.94937115654213,73.2081443239367,5.18531146651588,55.7160340775447,76.5803671435152,0,1,20.6716958844533
20,170,79,"Goalkeeper",7.17224295938762,36,2,61.3719716560556,79.5097527881331,259.224356283882,61.3659360267485,6.17527526088815,69.1004184531498,7.19415028016514,65.4917339688774,77.6347414922958,0,1,27.3356401384083
21,177,71,"Defender",7.62046083399898,5,3,70.311793021683,82.0089468424038,236.921376198315,87.3715568069627,6.3833801563187,68.6740837010749,7.01437458593569,36.4302901822372,83.3620326786746,1,0,22.662708672476
24,175,69,"Forward",9.65104544092436,30,2,80.3998091553703,81.6067849113777,250.805325165569,77.7182372300642,5.92978615248005,69.0723311290671,7.68908374029506,34.3987117404402,72.9683284511597,1,0,22.530612244898
23,165,60,"Forward",10.5895386991455,13,4,74.9068223606072,66.5432584072938,247.910310483188,70.3332943318689,6.08392061132883,71.2319316575229,6.72862936083667,45.0625727235423,56.6664115956424,0,1,22.038567493113
19,174,87,"Forward",6.77580361418941,10,1,75.5659147348319,83.0838671859779,242.759176425434,86.5027874691838,6.43179137591413,77.1183115629564,7.71562317497774,56.6009169856263,88.7418770045972,0,0,28.735632183908
24,181,82,"Goalkeeper",8.83806565462688,14,0,64.9154236371322,75.5821436348111,255.536248384975,79.6648407966609,5.80167419414329,56.6259983044728,7.18977372916864,53.1074955370023,75.2902346408948,1,1,25.0297609963066
21,187,76,"Midfielder",5.39660670382322,13,4,74.9761407050174,74.8626720960119,245.372010293526,74.69918723401,5.78996034263233,67.057373035678,6.18304250822221,56.1785776540794,69.3924933354876,0,1,21.7335354170837
21,178,65,"Midfielder",13.3071669012193,18,5,78.0446843960584,64.8686376080545,249.743709575605,74.0120321738301,5.62498254296239,79.1852680903638,8.06988069795109,54.1166652497385,79.7962309228775,0,1,20.5150864789799
20,172,67,"Goalkeeper",10.1756880159302,22,1,78.1364609985691,73.071840012366,231.861883683297,90.4437649057376,6.10915237892751,69.6791302146045,8.19818661222513,77.9938957237504,83.3417153167436,1,0,22.6473769605192
21,171,60,"Defender",9.10789742502449,29,0,81.3825441552443,78.8233406627374,287.63869462196,92.1906093729823,6.28364761050893,77.9645768554345,7.56246597556561,40.910962460268,80.3435607320433,0,0,20.5191340925413
18,178,75,"Forward",10.9383836235242,10,3,66.3532740767107,77.2666368703419,188.377190636226,85.4232970729214,5.17199939467912,75.0957881871696,6.54251690206298,67.7066183760574,68.7427059835689,1,1,23.6712536295922
22,181,79,"Goalkeeper",9.5573631972652,34,2,84.7440454032199,85.752228234045,264.364328224307,94.4980611142676,6.6561609533399,89.3818606115921,8.84858752310898,72.8193164317774,84.203663851817,1,0,24.1140380330271
20,180,92,"Defender",5,38,1,81.1998813357778,83.8904890637881,226.616588697116,90.132654762392,6.26966937893412,91.8889695782435,8.28846194833145,57.707838844686,75.560091488897,1,0,28.3950617283951
19,181,74,"Defender",11.6805838492097,27,2,71.3039552564468,69.7761747566778,250.77071118483,88.0604366152205,6.52391059630044,86.4210808913774,5.88443475066266,65.8847617539903,54.3117077973349,0,1,22.5878330942279
23,173,82,"Midfielder",7.58526415690531,30,1,65.4438248366035,80.0497057179159,258.688488769169,79.4969555379798,5.59771352967606,71.7967433259166,7.13041846208947,59.8185331806918,68.8830791567588,0,1,27.3981756824485
21,168,78,"Midfielder",7.95685007222487,28,2,71.6022398879456,87.5889987332296,258.618759571793,83.319166749029,5.70354146831926,80.495578352701,7.81843760703788,76.7196865088422,71.5597634159851,0,1,27.6360544217687
23,182,86,"Midfielder",7.99195190786732,37,0,61.5254332660406,69.4652894144877,279.518583000909,77.1487543165237,5.83191398239824,67.5844022464053,7.95151845757638,61.7145115269896,63.1071770414113,1,1,25.9630479410699
24,180,80,"Midfielder",10.7363874477705,31,1,89.0747229745741,79.9155508013548,242.374915008583,86.3886500467884,6.2475898537005,85.9316394396872,7.25125194393942,57.8541877979525,79.4149400157334,1,0,24.6913580246914
20,183,60,"Goalkeeper",8.63636424239746,33,4,66.1389996380821,85.7177814088827,290.987822738405,77.8191062643647,6.0479758926185,70.7137181569272,8.79804529761859,55.6342890220108,95.2658674217237,0,1,17.9163307354654
19,177,82,"Goalkeeper",6.81392985641116,5,1,77.466647807585,77.4437919722086,233.432795478478,72.9515797039173,6.19932807462567,74.291385470547,6.8393768920212,66.9198647230296,70.6295837990193,0,0,26.1738325513103
20,184,80,"Forward",11.9608855388499,16,2,84.5214796959623,72.564895682023,202.792763026962,91.9150743117844,6.05613664694557,87.7081943109946,7.8990634904484,44.97854024016,61.0299434912712,1,0,23.6294896030246
19,180,72,"Goalkeeper",10.6716671140488,7,2,83.3396451438313,84.7481324230892,251.878869885766,86.738352163255,6.38014716867569,73.1263214358349,7.57476005147129,50.5866539136043,77.6369491938496,0,0,22.2222222222222
23,177,71,"Goalkeeper",7.96175953464013,34,2,81.4884275914192,92.634969709408,232.903777783924,83.934678327954,6.65475617864377,77.8135720864289,7.62729056215593,39.9236932523208,50.6289630302662,1,0,22.662708672476
21,177,72,"Midfielder",5,26,0,80.6067126974425,77.1100521737889,299.418704074553,84.6540348166831,5.909270136038,74.7419447716666,8.13570579615157,48.3106047235914,73.4281100936218,0,0,22.98190175237
23,177,73,"Forward",9.46323004175361,34,3,78.8353270650985,89.9818477025843,229.051514401458,92.2841907407268,5.90294658960377,86.8404422381834,7.53508971853957,52.7764798189049,85.8905815078019,1,0,23.301094832264
19,200,60,"Goalkeeper",6.88101684827713,33,1,75.3172108370484,72.839552095817,262.701132969668,73.9102893903682,5.68574087957414,71.6717509211656,6.83074645021205,70.1687500018855,56.0639088761704,1,1,15
24,188,62,"Goalkeeper",9.43651738235705,26,1,71.0393597943852,82.2789108704891,218.405187193652,79.3191613033123,5.70948074176227,69.1999500980194,7.56894699052018,39.8649464733945,64.6593936958791,1,0,17.5418741511996
21,185,78,"Goalkeeper",10.513509852604,13,2,70.3420657270206,73.4254828737027,256.8505943588,85.4327340208593,5.43864290276864,79.2379717333996,5.89956646536507,75.9280051914039,63.6368323371053,0,1,22.7903579254931
24,189,75,"Goalkeeper",6.81021121112563,32,2,71.5927542879434,68.137814728091,252.851246569138,75.7351891725642,5.44798169969984,92.8406731254089,5.70635899953559,63.5457605892868,64.6024680644467,1,1,20.9960527420845
19,168,81,"Goalkeeper",10.5880428727791,21,2,75.0027013959671,79.2677267759711,244.965382258583,78.3605632914006,5.97696328481531,66.4777216439366,6.70799988957166,55.7989279654008,64.3974706396819,0,1,28.6989795918367
19,165,55,"Defender",7.6549688832169,28,3,76.6481419149371,80.5728396566716,223.953602319945,83.622085702281,6.15276527728979,81.5578285315865,8.14510058153709,27.6693530322653,87.656469442309,1,0,20.2020202020202
20,179,46,"Goalkeeper",12.7132368057393,39,0,65.0520124990349,88.8971575761242,230.600784635342,92.4633541552049,6.02502932724035,72.3025672650894,7.61589646096515,47.2467970092782,71.1096905316804,1,0,14.3566055990762
19,173,63,"Midfielder",7.52307544011472,23,1,70.7743132964633,82.3623701934082,219.272880469058,87.3498631715712,5.77990324289927,82.6322592892661,8.61598825752122,45.1139865345603,78.8645590221332,1,0,21.0498179023689
18,183,64,"Forward",7.29749273107396,12,1,68.5721882134581,78.1819097721188,243.96797687916,77.6322940857999,5.96004108764081,93.9418648522082,7.21120060622236,58.3670360429476,60.4522621132459,1,1,19.1107527844964
20,181,70,"Defender",13.2442751388051,5,1,73.0380918233587,77.3484373198095,246.680440208806,87.6273418916724,5.85088813997599,74.7725934160061,7.60927991923271,52.8078550950854,67.6019063577054,0,0,21.3668691431885
23,184,78,"Goalkeeper",11.931220260142,18,0,66.3208670223481,79.220699636175,270.678331786372,81.9439178269321,6.0367505260322,87.1031910480756,8.42768506542594,52.2016305243302,77.7968034873892,1,0,23.038752362949
24,172,64,"Forward",7.55203667769845,19,4,71.5502291139155,70.5692396198131,241.471814263617,74.2067968334223,5.92055416764355,73.6036482836087,7.95516193407081,68.6899592207713,64.171705378989,0,1,21.6333153055706
24,178,53,"Goalkeeper",6.18879773011194,11,1,66.7354532842455,70.5503610155348,249.742087467224,88.0631266714601,6.20478780447502,89.8085984474343,7.76265150474634,45.0018192139282,69.4643248597873,1,0,16.7276858982452
21,191,83,"Forward",8.53905484346474,17,0,69.9267137049951,86.0406173764709,281.86776528478,78.0825123439848,5.4578798325493,82.8466951359292,6.51303029035239,49.1011570205529,69.2861066318511,1,0,22.7515693100518
24,176,67,"Midfielder",6.35403713325755,17,0,64.3013712822121,69.3483448947428,248.061363500524,78.4143990898349,5.9088843717872,79.8968462571406,6.40931992117076,55.158350119736,77.2635930076599,1,1,21.6296487603306
19,179,69,"Goalkeeper",13.2752043335173,18,1,63.0234487959343,83.0639151764905,247.631863529089,91.1011180625646,5.84465524970191,79.4460979229707,8.56171364162289,45.4406411222168,86.6650265083208,1,0,21.5349083986143
23,170,83,"Defender",10.9916356357286,10,1,70.5243467838241,74.778417543542,221.138542499145,85.2334914905904,6.05449267116075,86.1417967963821,7.35808023283823,64.7746127214368,78.6184214117314,1,0,28.719723183391
19,166,70,"Forward",11.4573509271558,11,2,69.8189008395378,85.5555617670288,263.26730014901,68.4778311627063,5.18396261416821,74.7175440385073,6.37037435273188,57.2045689227412,62.2626385097513,0,1,25.4028160836116
19,182,66,"Midfielder",12.2921823538508,22,3,62.8892606118728,83.3887953986379,262.47502190491,81.6833699160698,5.90089778025096,77.5200250760658,6.74172848077533,59.7195239927624,77.1830885324806,0,1,19.9251298152397
22,179,85,"Midfielder",12.018801152746,16,0,74.8733185668156,75.2532014678344,271.48327535157,83.3716942196275,6.17127465050861,78.0449686537353,5.83445491563099,58.5754537991621,69.3593642379702,0,1,26.528510346119
23,184,90,"Goalkeeper",12.041351885214,7,3,72.3495904976216,79.6780919253464,275.463224051598,72.1465236439711,5.73163398354588,85.6022699859874,7.93666214825706,71.2430843230489,75.4453290935668,0,1,26.5831758034026
24,173,88,"Midfielder",9.68505940992022,26,1,61.5898319525714,85.325361906176,214.205613887144,76.1000200064943,6.10759302947223,77.736103733949,8.64346060988977,56.6187701309743,80.4256112397045,1,0,29.4029202445788
20,178,61,"Forward",7.1425955175805,17,0,75.4807657474113,94.6617249150291,277.214181921062,79.9192353501833,6.05657412429019,82.9314188865959,7.31085658951655,50.2935596835881,87.6245392991912,0,0,19.252619618735
24,179,82,"Goalkeeper",7.26409439421518,38,3,70.0851577793389,78.6931922689843,254.039053530706,77.683795429643,5.44434304600127,68.6922613512865,6.39438577107978,77.568195485353,62.3739139336202,0,1,25.5922099809619
19,173,77,"Goalkeeper",9.12019406689616,35,1,79.0011516577658,87.7107445361172,252.997147482273,90.4090216005682,6.54387976180587,87.9051325314961,6.97823539108319,40.7409297299099,90.3981396242296,0,0,25.7275552140065
22,178,57,"Defender",12.2403846127981,10,1,67.5861334649786,84.8415811353831,196.715998635861,75.4592972015649,6.54387296109714,73.98729223808,7.18478079779211,52.9143604350916,78.1715688013233,1,0,17.9901527584901
19,189,92,"Midfielder",12.876764316165,20,2,86.017798596432,88.553423853221,246.409213879372,89.4149270363395,5.9772543834897,78.3112365220428,7.62378862935641,35.5354623867553,72.6107222159261,1,0,25.7551580302903
21,173,82,"Defender",10.4709815803375,39,2,75.0474226604439,79.8761016213607,248.077516507314,84.7439268402254,6.45857243737341,82.0390666518731,7.89148716073866,47.2639467815333,69.887859822146,1,0,27.3981756824485
22,154,86,"Forward",9.48993957671394,19,3,72.3845229889491,63.1506811362062,239.66012926576,76.9527464152215,5.57521658877386,71.1213345038709,7.82042415875794,53.241533945716,77.9865220871761,0,1,36.2624388598415
24,175,71,"Goalkeeper",5,26,0,82.9205039349809,84.6003369318643,228.490585862617,95.1565384047753,5.66425079086726,84.8912516893755,7.48618632771276,45.7427421582936,65.1572434121126,0,0,23.1836734693878
21,165,72,"Forward",11.3156500688764,17,1,82.7402221786435,72.3251001163876,266.83379092271,69.3022659435758,5.93685712642403,66.9673483888043,6.5487020299296,53.0424281865541,73.2911374075736,0,1,26.4462809917355
20,179,69,"Goalkeeper",12.9094127620531,28,3,75.7059502714406,87.5303127464675,272.577656617232,76.2286058909344,5.99383608844113,68.9801521144447,7.07569785458202,65.5507706398665,61.5250166700577,0,1,21.5349083986143
18,169,74,"Midfielder",11.8632606428427,34,3,75.9390513944467,77.9931267943583,251.343804770633,90.3876684607593,5.53233986258391,68.7210225034687,6.84331787291893,32.7750437140876,71.0945851576425,1,1,25.9094569517874
19,175,71,"Midfielder",15.4804254495302,16,1,64.1818635996394,69.4758253467542,275.628430681408,86.262150701283,6.03952717922511,85.3738119154498,6.8433984819177,71.3355273040132,79.2308026294012,1,1,23.1836734693878
23,197,60,"Defender",12.2426124020206,17,1,86.2413413925128,80.4492234291061,251.615159679514,86.2618754090007,6.08144435971259,80.872065517909,8.52046686222943,54.5863697026452,79.7382828419361,1,0,15.4603313664356
22,172,83,"Midfielder",9.66006203738823,13,1,85.1930884282732,84.7195393115182,251.949724906891,95.4248058312237,6.0545965549752,77.7578610812679,8.2857923435526,54.76156179692,73.8212209886026,1,0,28.0557057869118
23,184,65,"Forward",8.74535373353306,31,1,75.1057478868653,77.8319208947379,249.805971222729,82.7597028766315,6.6843384579992,81.4063922311202,9.05558243084886,45.1376481749009,85.2180443909286,0,0,19.1989603024575
18,185,85,"Goalkeeper",11.2375830285482,16,2,82.0252679559412,84.7256246059146,218.465219606333,88.8383180331573,6.13836340725306,83.6753972807217,7.48405946551593,55.7818603927817,97.6739769846995,0,0,24.8356464572681
19,179,74,"Midfielder",10.4749078637854,27,2,76.8165756608839,79.7825732305597,284.856600877237,86.130520674693,5.89073911007833,77.1032516880576,7.48946180161339,60.4199361218699,64.3178053632324,1,1,23.0954090072095
24,187,56,"Goalkeeper",6.58043443196376,39,2,79.9504602023933,82.9719536104171,246.599612806673,84.7759411149212,6.68494143924612,76.904493075874,8.38400438753558,49.8283615904544,67.3483379791293,1,0,16.0141839915354
19,180,54,"Goalkeeper",10.7283152903724,9,3,73.029762288809,66.5198553171852,250.410909864407,92.8581369294239,5.80082088083323,87.4024692758093,6.48300188443617,74.0917119848684,72.2221014497202,1,1,16.6666666666667
24,185,78,"Defender",6.2735689418195,22,1,67.5439253922302,74.2683293326938,233.101770758846,82.1686300702599,5.93088875283043,70.5628686930174,6.71948749237515,69.9594908476052,66.6599420432433,0,1,22.7903579254931
20,176,57,"Goalkeeper",10.6712697841679,28,0,81.2777321314954,69.2935899984191,213.498859485568,78.5680714583834,5.73198177630612,88.4628038364607,6.82800399658798,67.8877423437986,69.2049707453694,1,1,18.4013429752066
24,172,89,"Midfielder",6.0639289908504,9,4,87.5732118961676,80.8345949227389,248.902626673091,95.0074471673413,6.12550376836508,67.8974452980716,8.50968038788499,42.201895840179,97.4746798803518,0,0,30.0838290968091
23,183,58,"Defender",11.106425872185,36,1,66.8689247651688,76.8712394290031,270.758658105911,87.6028787797878,6.10692550555408,68.1746970139794,7.71778352431672,61.6883020171973,54.360566116073,1,1,17.3191197109499
19,176,92,"Midfielder",7.97735124508723,6,0,72.7016786652657,74.6822938995769,220.877419541667,93.7438547751335,5.57742947481295,94.9101911035263,8.09139375239169,43.7431193077259,89.2153933124601,1,0,29.7004132231405
23,173,63,"Defender",5.42108485397191,7,2,66.9043949378061,75.6060867741731,244.056642833522,80.4316502149368,6.18889655112266,76.2706914301517,7.71510928539675,62.8560627058776,80.50751393389,0,1,21.0498179023689
21,173,81,"Forward",8.94615756293061,26,2,84.9333781996978,77.7064068091054,279.304117734736,81.7518201483218,5.5185232041103,75.740884986637,7.86199140261032,62.0134822870454,61.2927029413914,1,1,27.0640515887601
24,185,79,"Goalkeeper",9.81940008568105,19,0,67.378089124404,78.5848246015213,213.03501083551,82.0538420825139,5.91760098805445,83.1813648774716,7.39493332146133,52.2294625526718,79.9964404496516,1,0,23.0825420014609
23,172,78,"Goalkeeper",8.54220691795451,12,2,68.4238002175652,72.1089061293659,257.274711950386,79.0737564033746,5.85670313351576,75.3108146535402,6.56317164138136,70.0472938781653,52.122619929146,0,1,26.3656030286641
22,177,83,"Defender",9.79294051745804,16,1,80.0053457227718,71.8242578452661,266.624790851083,72.157636418378,5.84668316460447,78.9448763180034,7.87571251991571,60.7140078868516,60.9868870672651,1,1,26.4930256312043
21,178,76,"Forward",16.3532330142941,12,0,74.8806293330117,74.9686556054367,270.030898257527,80.0465011544429,5.67174593219914,66.3758574064446,6.62473438973549,61.0244059631468,73.3657836605836,1,1,23.9868703446535
21,193,70,"Midfielder",8.3508538568755,38,1,77.4199509122068,80.8436208710595,270.802337693832,96.9171709997649,5.32272266108209,86.5750572004394,8.55158876846691,44.8197598625292,75.741767570342,1,0,18.7924508040484
18,173,65,"Midfielder",9.7955081210347,20,0,80.8115203003338,73.1685447502039,205.510226633675,81.3911705932638,5.70626740013187,86.670692684277,8.6801411799413,49.3410169060966,79.9375279498149,0,0,21.7180660897457
22,182,87,"Forward",7.08017475820618,10,2,80.1643202862277,84.4679988335116,286.752936278893,87.8430408165088,5.93766740440057,52.149770845791,8.1888278999816,62.8362368347155,57.6995106306592,0,1,26.2649438473614
23,178,86,"Defender",10.8495042435278,25,2,70.0817527074816,76.9528860240922,275.040585463147,81.243870667694,5.54468719655665,63.6997589520274,6.8882307494284,56.978426445524,64.4175335534709,1,1,27.1430374952657
18,174,80,"Forward",8.86556394883448,16,0,80.3931696638769,85.7045294212682,238.987501606377,85.9678940316352,6.1756840658122,93.4203733279342,6.35285850686267,47.6176535408229,81.0686764440129,1,0,26.4235698242833
24,178,64,"Forward",9.06307710424158,11,1,66.4530697373204,71.5474434962396,241.424676794002,75.0687559251619,5.69975188790742,87.071764473248,8.06910360450337,43.8639225086987,71.9123578290015,1,1,20.1994697639187
23,174,63,"Goalkeeper",9.70279136266166,28,3,58.1536518862052,65.4791031550065,263.929479804845,79.799675532439,5.77629172037704,99.2094505396794,6.90685738731909,50.7589291529708,69.3433294310218,1,1,20.8085612366231
19,177,89,"Forward",10.8952894737609,5,4,59.2563027104265,75.567495329054,275.010740888667,77.3228468730525,5.39120327341093,83.299227839289,5.78838876097014,70.0085685720053,76.4470519771579,0,1,28.4081841105685
22,190,68,"Midfielder",8.57751386899098,32,3,71.063345698199,83.4386385798514,292.262642839585,73.8250346303303,5.72967717761531,71.7415993323725,6.88216651469798,63.1097913618569,95.5775270825024,1,1,18.8365650969529
24,175,57,"Forward",7.68898790944622,9,0,77.1360244420019,81.2382784051902,251.156874871188,90.90204997818,6.1268538273295,75.2706392189615,8.79509935840559,53.9630109819291,76.4720846369912,1,0,18.6122448979592
23,182,74,"Midfielder",9.17505297692924,10,3,68.6441713879206,79.0701018430681,285.873188372217,84.6566430452357,5.79853653270374,82.6920913959626,5.70131982191502,77.2655513455509,71.5594372500221,0,1,22.3402970655718
21,185,75,"Defender",9.24299219116596,7,3,72.0801435745485,75.9384963382592,275.055147459756,75.0970450853664,6.11616260521691,80.2053420025098,7.23458315262177,52.2614687581019,79.2361503507591,1,1,21.9138056975895
24,183,69,"Defender",9.28625792716219,5,0,78.6571833699754,77.4141512220038,231.321824781753,81.2110015842019,5.95506297732843,95.382681138768,7.41730026382211,43.9426408734845,82.1841522326836,1,0,20.6037803457852
21,170,47,"Defender",9.55423246078282,31,4,75.9865159869928,73.8905629833617,232.893492647996,77.1784639606345,6.0817181040743,75.2780346318526,7.25243752124328,59.506947371438,60.6179858760028,1,1,16.2629757785467
22,189,76,"Defender",12.8930475355184,19,4,75.5793251184605,74.5777221955735,264.322688070404,76.5836070959122,5.89954614646417,72.358483895531,5.87059505140299,48.930058914515,83.0730572357183,1,1,21.2760001119789
21,191,83,"Defender",7.01700271254992,35,1,78.5892275723246,76.7263550143529,291.778673790123,87.5879885504985,5.73665542390982,80.7835942405401,7.88042745757821,68.9498312268971,73.9154096788702,1,1,22.7515693100518
22,176,59,"Midfielder",8.15602973181768,16,1,83.4526487498779,91.431085166187,247.097111105233,88.7158947766815,6.74886100082691,76.828867174575,7.42816963507667,48.2278296253398,78.1166201755264,1,0,19.0470041322314
24,182,82,"Goalkeeper",10.0655765328714,15,1,77.7350660879093,87.4474564460281,210.745351947339,100,5.91853107816604,89.7733309160361,8.79248246491482,66.74337155238,76.5265055924021,1,0,24.7554643159039
20,172,72,"Defender",9.03009708755933,32,1,86.6617302452485,77.5697480846207,272.822205264647,79.427143855482,5.96304265942466,74.1541546553519,8.37447505641515,46.1782312308563,91.9791083003686,1,0,24.3374797187669
21,177,60,"Goalkeeper",11.766110244859,38,1,74.9169017598146,85.4670671702046,232.935069141451,91.2317221140824,5.82229256421852,75.1134929135601,7.15430086633144,48.8684808477476,86.3440791298528,0,0,19.1515847936417
23,177,54,"Midfielder",17.0163672253358,19,1,64.8499598125065,70.9745263820529,284.007003850111,72.9414055624474,5.26903569936123,60.3323460679027,7.8104546825369,55.7555404179946,64.5260415337312,1,1,17.2364263142775
18,181,47,"Defender",15.7641362684883,39,1,77.2119979661657,87.635284813897,207.736280361024,80.2357087024271,5.69787149862868,79.9172110606847,7.83567620292499,26.0816053913009,70.0177402765828,1,0,14.3463264247123
24,164,93,"Goalkeeper",12.7734725500274,36,2,77.092131528348,75.5754012504574,247.568815800205,79.5878131953503,5.65725646292477,81.6841228138491,5.84663707372632,62.2639003687862,78.8808458598076,1,1,34.5776323616895
20,182,84,"Forward",11.560313722131,21,0,67.2647334037391,70.0561555619017,249.943663771303,83.1674842656212,6.34350309356805,83.5731880274607,6.75073773339423,64.1640522452206,59.2555998701159,0,1,25.3592561284869
19,186,63,"Goalkeeper",5.73543929152731,24,1,80.9708128267331,83.6584399211042,243.218823942856,94.1154151799863,5.9072025722628,91.3761002788965,8.24560150273807,41.5837608435948,80.4899241378902,1,0,18.210197710718
24,180,81,"Goalkeeper",11.8506123163429,12,0,71.219353983405,86.7624523077672,227.903919993345,87.74759001777,6.34281796864928,83.68698131182,8.1082679054055,42.5881730253447,71.9389494446767,0,0,25
18,178,75,"Defender",8.15014191627457,27,1,75.6713541996134,80.7752296248752,250.193536870022,93.427874660302,5.54845154785214,70.4960799764166,7.23473238774023,50.0388336641443,74.5338919424866,1,0,23.6712536295922
19,175,83,"Defender",5.28003132579358,34,4,61.6271916415594,79.8465384323243,265.092083233877,87.9550815468705,6.12538893561206,77.3324972376009,7.3021146092404,67.1299945078293,77.9296957625456,0,1,27.1020408163265
24,165,63,"Midfielder",10.2231713366494,29,2,67.6952362671299,75.5459566906824,280.795617267833,79.0500924019753,5.61615875919014,68.9799661007025,5.2890227859557,60.8812381585699,84.9033921550425,1,1,23.1404958677686
22,176,60,"Goalkeeper",11.4848047171315,30,1,84.4195391949854,72.2952330849117,235.159571177741,88.8839020449088,5.91211557561125,87.3916741053779,8.3844201836717,45.9020414576256,91.9487834079458,0,0,19.3698347107438
24,182,77,"Forward",9.64724605726417,36,1,74.8539738548926,74.9825441537272,249.030413953805,78.6071442001825,5.67032284066295,67.262038605919,7.32982568376987,60.1532318135304,69.3333501290608,1,1,23.2459847844463
21,159,69,"Midfielder",10.8697127887859,33,2,82.7315095121118,79.2287904687887,245.935500378358,88.7893687532232,6.1919303353116,69.1829199749946,7.63413646934963,44.4401375749744,75.1067013523489,1,0,27.2932241604367
21,176,85,"Defender",7.98649376089675,31,2,82.4076339762524,86.5447875875662,242.564713426296,90.1576862081907,6.23907469405723,71.5045304882073,8.10029003934471,45.4697784789315,77.9308743489611,1,0,27.4405991735537
23,191,69,"Forward",12.6808129608161,35,1,82.3864898497919,85.8506265091957,242.138638057765,88.6925920448325,6.17268953144981,86.884593923221,8.75457257684128,53.1726960128985,86.9522545756089,1,0,18.9139552095611
19,165,69,"Goalkeeper",15.76809683474,17,1,81.7764369502563,84.1655481949736,242.297863947355,81.9073119877519,6.13686439182185,84.1251518384002,8.07027697072062,44.730526987907,74.2954922550117,1,0,25.3443526170799
21,174,85,"Midfielder",9.44343615339658,5,3,77.2202121281505,69.0707963863667,286.494186540526,78.1910386982297,5.67136614723514,72.6470793121878,7.91601542438233,62.1803191318334,78.4418034024669,1,1,28.075042938301
18,176,80,"Defender",13.4812499976399,18,5,78.0538130975063,67.6883243431027,247.883809712225,69.7596139852615,5.55421088127575,72.8910983033092,8.53403059695133,61.4017779282533,65.6639354743112,0,1,25.8264462809917
19,179,68,"Defender",9.05181174164754,23,5,75.466814836083,84.8304198804715,257.009935073579,87.6716289390479,6.20069399015579,75.1503979182715,7.97211507312351,44.6339182166593,76.0351876938465,1,0,21.2228082768952
18,176,74,"Goalkeeper",10.2584956693762,17,2,73.1164067572509,71.8631570204337,234.919331888151,90.7918287846081,5.454152774887,90.1356659019947,8.69157413486137,58.0652866607617,61.6582454232207,1,1,23.8894628099174
21,183,64,"Defender",11.048849128799,21,1,77.9501049356117,78.1791150985396,266.334727409616,77.4881074327729,5.495202722426,77.0904515956068,7.41707825303617,74.7494890972903,50,0,1,19.1107527844964
22,187,63,"Forward",13.1141706586539,33,2,85.5121244352665,75.0762076117446,201.814441700573,95.2336639983419,6.06479063574885,91.7258854723364,7.58911394288166,29.6515203590595,77.0064151308735,1,0,18.0159569904773
24,196,67,"Forward",9.29122123150467,21,4,74.6250510770181,69.0004658065361,275.457966928952,84.1410057450993,5.25514894893891,90.7702047380091,6.55480556861291,45.5236713513486,73.4338992832788,1,1,17.4406497292795
23,169,82,"Goalkeeper",13.2041424520329,25,2,71.4411657927832,73.0849116148225,283.819203129273,82.4113490256135,5.6186997398945,84.3555184637373,7.22504673011356,63.7562541052114,73.4484272883852,1,1,28.7104793249536
18,184,83,"Defender",5.95292924123358,10,1,59.9584716929991,67.586460456698,219.604090586044,83.9609245055888,5.37716098801978,73.7777343679744,7.42555258245828,56.0649319534699,73.4356496883244,0,1,24.515595463138
19,166,78,"Forward",8.99420927372744,32,1,91.7671770517814,78.2899382494497,239.068429072972,80.5903199587132,6.35972865373068,81.5555196738989,7.48061431152732,56.9899898723683,76.9689813573369,1,0,28.3059950645957
20,178,76,"Defender",13.898503094685,25,5,82.8827023259102,64.3132298562659,260.973859742937,80.7833668353426,6.03491795879329,67.8756233720661,8.02433556538593,70.2312435425787,78.9319296235669,1,1,23.9868703446535
23,179,85,"Forward",10.0043596595346,28,2,74.9931641409461,89.8214110751759,249.550333065393,81.4862974805665,5.54569453967612,85.0009794872586,6.51405196013191,56.4231223524474,70.9742984168151,1,1,26.528510346119
21,177,75,"Midfielder",15.4161228207909,21,1,72.5737128618277,82.9250405069133,260.624171024709,92.3088446875028,5.57569615959133,61.6279327472018,7.02812704465282,57.1168614044519,77.1066743957869,1,0,23.9394809920521
22,177,63,"Midfielder",11.1929972574111,7,1,75.3027385170992,100,253.164498321945,87.0023941624099,5.96630839798895,81.970600484678,7.94902721930729,40.7067476678472,86.4584353007273,1,0,20.1091640333238
21,172,73,"Midfielder",7.65236268815882,21,4,69.1718175508734,78.3722689703411,268.674688560473,72.1301375903674,5.47155527716279,72.216756894959,6.84658443428664,62.52640628386,62.2627620486443,0,1,24.6755002704164
22,158,81,"Goalkeeper",7.89610895443973,10,2,69.8473952011116,77.4188378861427,306.730851012164,88.6451536937105,5.71317620307077,75.4706476424544,7.6823497240549,65.5184366210803,62.6641136192032,1,1,32.4467232815254
24,179,78,"Midfielder",10.5026356159538,9,0,73.947296896434,79.9997109738703,226.376775660669,87.9996974317199,5.77421336161083,67.9256951965811,7.53809597044594,27.5308653755881,79.0277590834021,0,0,24.3438094940857
20,188,80,"Defender",7.54074419060094,5,1,81.2843829793848,77.0599999318244,231.358116507775,79.3341994842097,6.39601845924357,76.6732541243649,8.35266552521606,43.7936084028056,72.9743368020433,1,0,22.6346763241286
21,191,78,"Forward",9.44029886805878,22,3,67.0191915982101,75.6245028309415,251.347975513959,84.0275527895182,5.70750593101764,79.3855653728841,6.47078061139018,73.8566731746192,66.6927479594927,1,1,21.3809928455909
24,170,83,"Forward",6.86508192813113,38,0,84.3667771162031,81.6153506267404,236.573870494537,93.3094747171386,5.98362849211417,81.8150580076123,7.02959096006569,61.9491913537102,78.6076088426577,1,0,28.719723183391
18,181,74,"Goalkeeper",12.6078393396055,13,0,68.7594464061884,91.9741098115753,208.824921281308,81.6300418391505,5.97681844643634,82.3277901738152,7.93639949067578,63.332634124019,82.4442122878245,1,0,22.5878330942279
22,180,86,"Forward",11.6063243799634,22,1,73.9016591976526,86.4502792332288,228.567506598601,98.3322918517312,6.06976659651911,63.7800418340477,6.94893695726736,49.5626867769242,72.799349893722,1,0,26.5432098765432
23,181,75,"Forward",10.9751702237542,31,2,77.3590496831791,73.9517223307236,229.113480469947,91.1497454149404,6.28512406785747,88.2232135435774,7.88156788012239,58.9031972684073,87.3258582266583,1,0,22.8930740819877
24,168,82,"Forward",7.98444340047181,38,2,76.7079119214631,78.8731691855384,185.362707435572,72.9983189652776,5.48665127284275,76.2687043198593,7.17093247256297,61.6241758655152,71.7661243464383,0,1,29.0532879818594
20,181,65,"Midfielder",12.3860877491307,37,2,71.3810356582707,71.1924509850804,274.147349520148,77.8328026436295,5.94224442794314,81.7124031091508,6.47853144056707,65.173179458667,65.1221540864723,0,1,19.8406642043894
22,174,69,"Forward",8.99492301749606,20,1,85.3936463767014,80.5985366565697,272.595398676858,90.9365018908421,5.76866799355198,70.311427129779,6.94120262674588,44.9657775915958,75.8988879622395,1,0,22.7903289734443
23,190,65,"Midfielder",9.33240323573939,5,0,65.1962911631764,81.3992205558506,239.217853947774,87.7016463429195,5.90273988675235,88.5747956818631,7.67487372685884,58.301521642169,85.133083297958,1,0,18.005540166205
19,176,95,"Forward",16.1650716839518,20,2,82.5697798992762,79.6049895865842,249.353918890256,71.3053300643159,6.62129148947353,85.915592252813,7.98797869351603,54.379838728311,81.9870657176373,1,0,30.6689049586777
21,181,68,"Midfielder",7.16594480566203,30,0,64.2398480137476,73.1243854442306,251.873227630586,86.5615958143155,5.55302085544205,84.9224844492978,7.0946773332362,66.4746931198326,72.5239977245457,1,1,20.7563871676689
23,182,85,"Defender",14.4349764676088,37,3,70.8884521903013,85.2733169377724,245.177221537205,80.1155974255651,5.98101270056133,88.2714065403389,6.28710541127052,69.9688294007893,79.5116128950816,0,1,25.6611520347784
18,174,65,"Midfielder",9.94800340162414,23,1,87.364302519955,72.480132657297,260.00724435351,86.1583762974166,5.79947200406165,78.3525996193994,7.98846314549651,39.2007323970407,66.7319509829103,1,0,21.4691504822301
18,172,71,"Defender",12.0185249398781,24,0,84.0578766554551,77.8192512775382,264.657430851292,89.7575210046846,6.33548587717587,91.223291729501,8.2589528721988,67.726261021945,73.6762083629646,1,0,23.9994591671174
24,179,72,"Defender",6.84676218127385,17,3,72.2243120224215,72.7884494264972,281.189375919602,76.4378570273594,5.40993020556613,72.4249338752614,5.82419231546158,49.1130282842363,58.9495884222912,1,1,22.4712087637714
20,173,51,"Goalkeeper",8.28432315140349,24,1,79.7486295845589,85.5733088708164,233.496919439609,87.0990465693579,6.0648968851451,73.6884925442922,7.8899848334055,55.6603631415084,91.162955026167,1,0,17.0403287781082
20,178,75,"Midfielder",12.0929399656212,21,0,72.739842377496,71.8952151932989,266.481055828721,89.6359387423487,5.55785328126919,93.0954076879521,7.56903341647612,47.9935099018815,79.4360097134759,0,1,23.6712536295922
24,185,65,"Midfielder",13.3324930904066,30,1,74.1122858945757,82.1953033287243,204.969468512775,88.8583351208813,5.86921998099756,83.4046824038323,7.4630498241692,40.5644585834564,69.0399794053825,1,0,18.9919649379109
22,169,76,"Defender",5,39,0,87.0227406836536,88.1118276686134,214.952541749607,86.3599814804038,6.29938157825728,80.0584647636903,8.55644860820631,43.4949049583732,61.4728424779939,0,0,26.609712545079
21,177,82,"Forward",10.738831187916,6,0,72.8056353450272,85.1602687615494,247.149162805446,81.0989609009661,5.90504734241003,62.3797551302112,7.58812876420736,40.2694904935804,72.8670954486681,1,0,26.1738325513103
19,165,81,"Midfielder",10.5367935308543,15,1,81.9978958105229,67.973466690058,238.790415063311,79.8118064040773,6.01159705128994,54.0221451678275,6.75979531227073,40.8330899193265,52.7326281471087,0,1,29.7520661157025
22,180,76,"Forward",5.66826613564433,22,5,69.6966562577474,82.3390144222902,204.914816340925,73.9884437491047,5.83978912332372,75.6906654943495,6.05314544140519,67.0624306953551,67.8158269483639,1,1,23.4567901234568
20,184,79,"Midfielder",8.98068411022994,39,1,82.7900306248908,78.4785335228007,248.139730910911,86.9275410346272,6.61170634326002,82.5165344915659,7.22225245474547,34.617305744153,72.0034387972052,1,0,23.3341209829868
20,179,75,"Forward",11.1645052795974,36,0,75.7984581723532,76.5366695459009,260.43083282877,71.9170118128697,5.98043471289443,82.0667629138058,6.60868742744473,84.3533080576184,74.5996759772317,1,1,23.4075091289286
24,174,63,"Midfielder",6.57144377336166,23,2,71.2457607388815,79.2366413252053,234.728160270877,84.3091827564425,5.82585768742455,68.6907746440262,5.99707193618825,67.1232121859472,74.8075158086484,1,1,20.8085612366231
24,173,61,"Forward",9.95544465909361,12,1,74.5920128303729,79.878461194877,254.771859556812,87.435974546564,5.8885870651247,79.1334935883885,6.07779156258826,57.9670899322551,63.6446733663848,1,1,20.3815697149921
19,180,69,"Goalkeeper",5.48922802226902,31,3,61.6699399758999,80.4079932850666,245.697034525386,72.5138059683696,5.2970229344932,68.5540669093642,5.71660549042788,51.2215633992866,64.8873542891922,1,1,21.2962962962963
23,168,64,"Forward",10.5205375194229,38,4,80.2340224988413,84.7945230400124,245.605255124045,88.8064332583845,5.74062305948579,83.5307314107564,7.44655934630064,59.3852638993316,60.9325706002626,1,1,22.6757369614512
22,172,87,"Forward",8.23279145295213,7,1,65.93445915541,85.9631302031148,306.41222564886,86.1327499647802,5.6053525134984,69.3713130619809,6.58165894462541,45.1466707609337,77.2430573086329,1,1,29.40778799351
21,180,64,"Goalkeeper",9.67966971523247,13,3,68.1914427525755,83.6224962646509,228.696049916205,75.2749739952161,5.4309370586339,74.8897256183664,8.09540031409814,58.0595605190711,72.2850154519795,0,1,19.7530864197531
23,184,61,"Forward",10.2065950623303,9,1,66.2858119770172,77.6623689581618,232.427702460147,71.1053383086611,5.74121473757123,76.6071988553722,6.2934584760504,40.873844096243,70.0260569985223,1,1,18.0174858223062
20,185,60,"Defender",6.14737943758269,29,2,81.7125678318256,82.1307532784098,235.848828228185,89.4786119566259,6.34745366361891,81.3965353808373,8.21852376938313,57.4176536808679,82.8356313591266,1,0,17.5310445580716
24,172,74,"Midfielder",15.755605381593,28,1,86.7664375216231,74.1440492010155,251.132497891449,92.2497026181994,5.72013560079561,73.7128926374539,7.424702958692,62.9202491405417,58.2756467046412,1,1,25.013520822066
24,184,95,"Defender",13.1456741130528,10,1,86.7916186850512,70.1762189725614,238.073987103531,85.9609461143754,5.25015418579274,84.2525809481461,6.9179040151511,61.9351050534749,83.5579688148926,1,1,28.0600189035917
23,178,69,"Defender",13.1691710842834,38,1,77.5572909000177,88.0622432529592,221.644839156067,88.4226193034445,6.04630133955678,74.8891316056196,8.36902323061448,40.8438252092137,75.9086318013654,1,0,21.7775533392248
20,177,66,"Goalkeeper",6.35201497060585,35,2,78.9402395825392,74.3055647437898,239.883190181266,77.5528365266685,5.56376074833571,64.7034039194269,6.79155376231032,54.5137650208507,56.6962682327241,0,1,21.0667432730058
19,177,68,"Midfielder",13.9556688724769,6,0,74.786036560058,82.6027726078402,258.296830324688,91.7851847829878,5.98003663433207,83.2552841844797,8.45542404321285,43.0998661536578,69.5190028079501,1,0,21.7051294327939
24,177,95,"Goalkeeper",8.93259902370872,21,0,77.1683263760233,79.985570555234,253.215530419947,84.3905170296039,5.92861095117955,75.8548066856626,7.73194231995348,53.7203389407948,86.1336236101327,1,0,30.3233425899326
24,179,84,"Midfielder",11.0819075485411,34,2,71.0919610824479,76.9769819451398,255.287137751409,84.2376838482527,5.97551393814692,91.6423651452173,6.3451182239846,58.8661772703858,77.7891923331239,0,1,26.2164102244
20,176,71,"Midfielder",5,24,3,78.8013966903372,72.483470217265,228.01282193596,78.0702685651365,6.06108237384,91.8619872697321,7.44337863099428,45.4768487551218,63.8156213991556,0,1,22.9209710743802
21,191,78,"Forward",7.3247416985214,27,2,68.9909446090023,73.0617429229219,246.834420298436,86.4640462221338,5.66828006448142,63.4712224429492,6.65913653474785,59.2043662739641,80.0967170143594,0,1,21.3809928455909
21,185,81,"Forward",14.9039565594221,36,1,78.0821257287633,86.859240678463,232.503949962822,88.5453640291957,6.43136295273979,84.1048258645826,7.47867301758238,43.361216937157,77.8770385607461,0,0,23.6669101533966
22,164,78,"Goalkeeper",10.9747182251919,36,2,68.2345426256077,80.4470300288093,237.512625578216,72.8004297191317,5.61745186944381,85.6414834024458,6.43841561511142,51.4306192312146,69.8942421531534,1,1,29.0005948839976
22,179,81,"Forward",12.3751877015689,35,1,72.038920881292,82.5639883430349,282.372632853557,80.0312224164841,5.64120440636453,65.3665818418564,6.09203261225754,58.2879825936731,74.1163731983064,1,1,25.2801098592428
21,179,78,"Goalkeeper",9.84146673333405,24,1,68.7862780221446,76.3520524763484,259.579852797467,80.7642347345807,5.8484093416988,72.9018434644705,6.80351589564932,75.6463275785661,85.1640419517532,0,1,24.3438094940857
18,186,81,"Forward",9.72896366611024,30,2,67.6996260580389,68.8783370107953,258.352335649688,88.7379339293582,5.94926087353671,80.8913861635282,7.41407229583372,61.3060066634859,72.0179245248013,0,1,23.4131113423517
21,166,71,"Midfielder",12.8538574159203,24,4,73.8223770536673,83.0207326084566,286.930749287576,84.4977583366213,6.04096554073758,60.5276216237762,6.03677296854145,65.385372208787,62.9743857724349,1,1,25.7657134562346
24,163,72,"Forward",8.49041760802533,30,0,77.5441396350025,78.6296026933249,220.25114978332,85.9345365856497,6.10304271585879,76.4615137697421,6.65367815578553,47.6740601795863,70.4211181682733,1,0,27.0992510068125
24,175,66,"Midfielder",5.29730748803981,35,0,83.971949090993,78.5406486560951,242.702712808935,83.5737578515776,6.18856212711585,71.8071975729751,8.40106171983888,51.6359218300494,89.583195799834,1,0,21.5510204081633
20,190,70,"Goalkeeper",8.73317240815111,19,0,86.1577696365087,87.1182416106945,259.81583860319,80.3310745045495,5.77156910635466,85.6492932997242,7.67424051192055,23.1220092471099,94.9181635465023,1,0,19.3905817174515
24,176,73,"Forward",10.5259764830027,35,1,69.4425567795458,82.593714944157,251.81759870678,76.5828192429531,5.94470481271568,64.3724493945182,7.05717926595451,46.0854316349785,62.5257505170998,0,1,23.566632231405
23,175,76,"Forward",12.981327070847,19,0,59.542823253325,77.8606476638939,243.950814687181,92.9190814927684,5.93343222748649,78.1576220215832,7.7914075698048,49.1264061686818,55.3101675883278,1,0,24.8163265306122
18,167,79,"Defender",9.81362175183991,29,1,75.8591389443774,80.7770977863806,277.534455527778,85.4216822054735,5.57460559066873,79.2357053448709,7.20860810728672,48.4207504776899,72.0389611852878,0,1,28.3265803721898
22,169,79,"Defender",7.14346833030239,19,3,86.3449744517159,76.620014550531,272.116424461946,87.1842768229554,6.13140111193458,73.1670016295639,6.47326443513837,73.4828043006584,74.2891285338908,0,1,27.6600959350163
20,184,74,"Defender",11.6250958371235,38,1,79.726633008359,74.1187664578875,225.822160952835,78.0758700932114,6.02252157771362,82.4905722645236,7.81964779350684,65.629875603234,84.6838955906704,0,0,21.8572778827977
24,176,79,"Defender",9.89384561612358,17,0,79.2394993635578,91.5539988761116,241.916977680338,87.4896387918971,5.85561974283217,85.9781242203289,8.16273802368195,38.8455512183613,62.9649485665516,1,0,25.5036157024793
19,173,70,"Forward",12.99340970436,9,1,75.2438873628506,73.7828538014276,203.486786202307,82.992986368105,5.66003598651908,80.7990492622452,7.69799899130396,53.5787659649318,65.8559298156673,1,1,23.3886865581877
18,177,83,"Defender",12.6162903983713,15,1,79.1966612986512,87.4550533429353,277.408864146548,90.0100162588908,6.47543196320343,75.8636536558287,8.36359230226726,45.7167331163812,74.1947945489868,1,0,26.4930256312043
22,172,78,"Defender",8.00451052659914,25,1,70.560924736699,66.9728711011872,258.571557089954,78.6694330686818,5.8922185101955,74.8212238940292,6.75884578701413,46.7360036155375,57.7816139040471,0,1,26.3656030286641
19,172,76,"Forward",9.71295513855702,27,1,72.0595378211603,72.5271701201144,274.258861350672,80.0558167183424,6.00291922393484,73.1791459447016,7.80145822752292,47.2429925779101,66.5418701369884,1,1,25.6895619253651
19,180,60,"Midfielder",12.4779106346476,33,2,89.7561978726691,77.5885223873311,276.811658206904,75.8051997490172,6.56183462954515,81.0176674935125,8.99638196829294,54.5741287316733,83.2123572942364,1,0,18.5185185185185
22,173,81,"Goalkeeper",8.80132425408184,8,4,80.7167495272103,88.4133458531136,243.731756766544,80.284438506676,5.49441786120134,77.5865699763374,6.84178105511767,54.8367094217923,79.5612200810426,0,1,27.0640515887601
23,171,83,"Goalkeeper",7.44656627706929,21,1,69.2311603047838,75.559934147735,273.885772509993,85.5128041844042,5.33582860613007,73.425571772988,6.49657228730983,71.7812704802976,76.3204190686521,0,1,28.3848021613488
18,159,70,"Defender",17.1786884434,27,1,80.9414770126287,80.6955746061615,244.659605099118,88.9777251336701,5.96471102410825,88.7875488284078,7.9741486990756,32.4662504983525,72.2205755804505,1,0,27.6887781337764
21,180,85,"Midfielder",11.0803029977251,24,2,78.352185092669,78.4389809261708,276.218396271256,85.937165356169,5.94079423436361,68.2351741938194,5.69802815333208,52.5667432003384,61.5778521198581,1,1,26.2345679012346
19,185,78,"Midfielder",9.06814977164546,34,0,76.6026840073305,84.1688225980219,227.52491516515,87.219940881831,6.18680113711949,83.9997712207474,8.32745020056535,56.114511513487,76.1836669087727,1,0,22.7903579254931
18,175,75,"Midfielder",7.49797878941729,34,3,64.9340121999676,74.8987490007853,247.530995839586,95.7170491800836,5.97119391619402,85.0657274787878,6.25914817565565,77.7635017245929,57.7951537500997,0,1,24.4897959183673
24,184,64,"Midfielder",12.2896376023861,17,2,81.5844918714654,76.1045209514124,297.875718804738,82.1228586811687,5.99055395814084,82.0285312742305,7.27725057949012,68.0407754721281,64.1540369506613,1,1,18.9035916824197
21,174,93,"Forward",11.7372357887646,18,4,73.9308968302623,85.2857838196538,261.700259499044,84.2893662977374,6.1406078001525,69.8401601316372,7.07892560086477,59.2909496333492,72.4028948554278,1,1,30.7173999207293
22,173,56,"Forward",13.4777823299068,31,3,77.526908748009,85.7817069681968,265.99187610303,85.1398118711678,5.96008581760986,68.7804700777531,6.91849579961439,56.3260509983053,72.4278296939013,1,1,18.7109492465502
18,173,64,"Forward",8.99330153790698,13,3,75.2560729498766,73.5758101967232,274.519147588033,81.2861321514734,6.14672573055467,74.9066115946719,7.48599409467619,53.2685383585304,67.5893848402533,0,1,21.3839419960573
20,171,96,"Goalkeeper",10.2223118613024,6,1,69.0767826885375,69.022485308212,253.504436812165,94.5797273760027,5.59675396793194,80.3685231974988,6.73840377202868,69.3762390574951,69.8002626206235,0,1,32.8306145480661
23,175,93,"Midfielder",5.7177952297281,7,1,88.1771436652147,72.8773771250352,251.859210440923,88.9020687054579,6.02508379426077,84.3830577017738,9.02440826390251,39.3620750075007,77.5002501056327,0,0,30.3673469387755
22,186,62,"Defender",11.5877575602713,39,3,86.7696218125706,67.0901447092007,259.140717279103,86.5130514515593,6.18772498140574,86.4875944260278,8.56271619646304,54.066562186031,73.7607909609575,1,0,17.921146953405
20,188,72,"Midfielder",7.44698372846034,14,1,80.7388425780305,81.9888031222946,245.558607409333,83.554610837298,5.91510018378752,75.7605419741883,7.83676121424471,52.076717555212,69.4571890290663,1,0,20.3712086917157
22,183,71,"Midfielder",5.81983048302533,8,2,80.3789421429849,79.9462440234169,207.434356562371,81.1226994100919,6.29801542996399,79.2222881857623,8.16936063304613,51.8239501133422,77.5895722101405,1,0,21.2009913703007
19,169,74,"Midfielder",15.6630379594436,39,2,74.4099128858528,81.2692072191534,257.606059045718,95.4768315284295,5.58944306088596,81.8800606015554,8.48747755018783,39.7978377047351,81.1493488869316,1,0,25.9094569517874
23,180,70,"Midfielder",10.0179814164718,39,3,71.7867184733907,76.4059407382704,272.063050535983,80.9915734899008,5.77563320514762,60.6275326134531,6.79892546009822,69.1516418645698,89.4461483530122,1,1,21.6049382716049
24,180,75,"Midfielder",10.5809339344068,38,5,77.4830543193738,86.0290066788489,257.842551784201,68.5735879094495,5.96389909926895,88.0089461703214,6.53787553189526,53.3643115982737,67.68864057904,1,1,23.1481481481481
24,167,72,"Defender",15.5576881077633,31,0,84.3034434021159,97.0350883181697,272.070701492166,89.7096098148172,6.39607241375039,84.1621300531879,8.61429735240378,36.9550387133639,87.2884202330129,0,0,25.8166302126286
21,180,75,"Defender",8.33039235384772,26,0,74.3918239266129,88.2815515744577,238.80863265636,83.4644512069212,6.17117261968178,80.125363190319,8.06607175785666,52.6658028772407,95.542178594487,0,0,23.1481481481481
21,173,71,"Midfielder",9.35032989215061,30,2,80.9472448215071,91.2780329932574,250.367074243269,87.8038027203325,6.07173732095483,74.8939028495156,6.7680096133018,48.9247870844106,57.6962676903648,1,0,23.7228106518761
19,177,81,"Forward",8.18899896220942,16,3,69.8498299594171,73.0410180994669,251.007165471901,84.7351046491168,5.82799949492058,70.7140922981579,7.47617510159391,56.2426816927485,63.6211519054351,0,1,25.8546394714163
20,176,61,"Midfielder",7.28863390606303,34,1,59.5404367794696,87.6420895854159,252.409353128932,67.7555884746593,5.78089830064563,79.6299617519709,7.7517647581529,72.2770851948612,73.1918350282018,1,1,19.6926652892562
23,176,59,"Midfielder",8.95543816425741,12,2,72.415326137863,82.4007327112608,271.486917402822,86.3379447936503,5.73912363919457,81.3723461178889,6.64459034971535,50.9329567547126,82.5860439002705,1,1,19.0470041322314
23,185,76,"Goalkeeper",7.58691439966713,30,0,75.8962554545999,86.1867363822429,207.669804284626,89.7272441930582,5.7407649371369,88.1447124021613,7.97480154697178,41.9066594183608,72.4624999018733,1,0,22.2059897735573
21,165,71,"Midfielder",10.2584764579815,37,1,88.9887001863808,86.8348717330347,244.14512463604,97.3772386460889,6.12414289255056,80.3646325048277,6.51620303447127,67.7457328599583,93.4725075234144,1,0,26.078971533517
23,180,81,"Forward",8.41201968335665,14,0,77.7842111547647,74.5604713241388,276.106161129325,87.5502908493372,5.10480450361335,91.5806658429711,8.1782976076985,45.9067799965537,86.1590387117038,1,0,25
24,173,60,"Defender",14.5937852005054,20,2,86.6607377431943,84.3829060138454,211.136367598745,84.6255276654389,6.08033137655907,80.2321407651904,7.94527624407468,46.348364781113,66.3256047977343,0,0,20.0474456213038
18,167,59,"Defender",10.9024342392648,13,1,69.8693789101782,90.3284020872039,239.095230730892,90.6473163501666,6.08733286929758,70.2525792398493,7.18027903679003,40.2935287419789,75.7887910356429,1,0,21.1552942020151
22,176,73,"Midfielder",7.1916985635719,27,1,79.2478996798419,86.5910117402368,253.096611498218,95.6729006434003,6.16817819124258,82.5381372094304,7.9033290443681,47.561396894942,90.5676047018932,0,0,23.566632231405
20,193,76,"Defender",14.2032310126096,13,1,76.4156704307215,86.8665957878413,193.746050762934,84.8885292586072,6.0343362660803,83.0938856924577,6.99577667392614,56.4549943597564,68.4630276571722,1,0,20.4032323015383
24,183,71,"Forward",9.49841012450718,28,2,61.2276264931395,77.0390519503117,237.931694140686,92.5307320049649,5.71607086869351,57.8308809193638,7.3777974930192,59.4702573545866,63.5578436136197,0,1,21.2009913703007
20,175,70,"Defender",5.61036762980593,19,1,77.9808226508929,93.5693132652001,216.285994765068,75.1081004153756,6.54423293420823,78.6886409330565,8.07908054289813,39.9894843311986,82.0851775306323,1,0,22.8571428571429
24,178,79,"Defender",8.63576306468274,39,1,74.19192045133,78.2920826983799,237.004629092864,89.3325099968521,6.22910402182755,73.8957727977678,7.11770816507204,74.8800123649323,63.2117985420811,0,1,24.9337204898371
18,181,59,"Forward",5,39,1,87.4058761850916,86.9779669604138,239.778265862887,84.9973709394133,5.96063562271092,92.2536373096133,8.88091843380289,65.6709832118064,52.529845455973,1,0,18.0092182778303
23,171,78,"Midfielder",8.13089631527365,22,3,68.12400890089,68.5288680005365,267.411988219937,76.7077649013259,5.92719466772849,88.9095189189871,6.9371215421901,56.4332105324686,71.8464500280148,0,1,26.6748743203037
21,175,81,"Forward",10.2149329846461,34,3,72.3292240844239,90.816076304912,232.607959358784,87.4651456686359,5.92279987759888,79.0933528729174,8.20024197019344,47.3156591903533,64.0123854090405,1,0,26.4489795918367
19,164,73,"Defender",11.2485404319032,14,3,63.7424041702448,72.0426630654844,244.731964902024,76.2725757564044,5.47158121230642,76.6714278202092,6.39731866635667,72.1510348008478,71.2808346406323,0,1,27.1415823914337
19,180,81,"Midfielder",16.3491699482689,18,0,74.5324831277437,62.6141829954204,249.653227615802,82.8759433873324,6.24863522880846,79.9325409677588,6.40287175321453,36.0100212679965,63.5618131885902,0,1,25
19,167,78,"Defender",8.31296330129491,9,1,81.1273456180925,81.4723197761313,254.14921775377,84.1714668777229,6.2967507582291,83.5112473565812,8.91242697452261,52.1430457845441,76.3852531997371,0,0,27.968016063681
21,179,76,"Midfielder",9.58084274196111,8,3,70.5319408889913,71.2865264955652,303.070114854694,88.8362961803306,5.58660378013744,69.1837020865483,6.3769779587296,67.5754548883213,73.9510531579871,0,1,23.7196092506476
21,180,78,"Forward",8.99138658691811,7,0,84.9002283356641,84.6864991187287,235.130367247223,93.7280348439708,5.89948366932861,78.6967937337945,8.98692785164234,51.7201221510059,78.4316033790634,1,0,24.0740740740741
24,184,64,"Goalkeeper",10.0273954690627,13,0,68.2252373409626,89.977706732057,206.830562471972,79.4292671239486,6.62017178487886,89.4108600751825,7.85848147657477,43.5394301305502,67.2639623125125,0,0,18.9035916824197
24,175,68,"Goalkeeper",8.43408810984475,39,0,83.0107228563304,86.1210816648077,229.900477390243,84.5259263716738,6.21978313782451,85.5467552630759,8.40424820964023,30.7296711251387,70.4000169751956,1,0,22.2040816326531
24,179,59,"Midfielder",8.7412223700653,18,1,60.7482470465344,83.8798848544657,286.573720441522,84.9754703439037,5.76605166263556,73.0338533538801,6.66760551227026,61.4389695275061,65.603495020798,0,1,18.4139071814238
23,182,76,"Defender",11.3952296583038,10,1,73.1370704085895,79.8553105195919,226.996331106142,88.4009862609142,6.20886792066084,76.958617861486,8.58662092630317,51.4132798284632,83.9556408283701,0,0,22.9440888781548
24,185,61,"Midfielder",6.46067101568457,29,2,69.8904409418959,75.4106275103739,264.620540830509,80.3675397128364,5.90213252448139,63.5175849772167,6.47117742702656,60.4834182515119,74.3786316865957,0,1,17.8232286340394
18,183,78,"Forward",8.91223430387318,35,3,66.5737835575318,82.5153595304121,288.754026147137,81.6355982947352,5.72919298034275,74.2939970507208,6.71391644410177,51.870777815007,73.7709396095936,0,1,23.291229956105
21,192,59,"Goalkeeper",9.43883790997523,39,2,93.9000514564573,82.7746148359885,263.162273170753,82.1524454813223,6.13388559051558,79.002039085638,7.12863496553561,43.6898424376302,81.7434267371132,1,0,16.0047743055556
22,174,73,"Defender",11.0513200546765,23,1,88.0490619632255,85.0737768958958,223.275249188024,96.2573103203855,6.39561136201589,78.3322310849523,7.10848801291288,41.6167740601413,74.3503311070012,0,0,24.1115074646585
23,162,65,"Forward",11.6733369121378,33,0,62.6102290271442,74.13703784125,266.342999192811,94.4417940238777,6.07707004890506,72.9940889251942,8.33267851066232,68.2589932886613,72.9252666149447,0,1,24.7675659198293
22,193,63,"Forward",12.0808765282879,5,3,71.1023471010555,79.3365363284697,249.852723200159,87.3203402779426,5.98639795556445,77.823982235986,7.47897663029469,60.7442264023493,66.2085026935286,0,1,16.9132057236436
20,180,89,"Midfielder",14.9003809581783,17,0,72.629091174651,82.87423689728,271.557788374111,87.9673181061019,5.9417211986131,74.9580916288661,6.24311050729042,61.1536812403772,79.9928097964578,1,1,27.4691358024691
19,178,85,"Defender",10.473256727015,26,1,75.742270640431,82.7678157423915,242.562371280719,91.5494602150828,6.45259614595942,82.8767412705241,7.59420957503228,50.1712544000396,77.7555151777445,1,0,26.8274207802045
23,165,71,"Goalkeeper",11.0695243934784,15,0,80.3308804512099,87.1832168721038,227.071888610177,91.6155435310359,6.00261686889962,71.644623440203,7.83212369817493,62.1851395724093,58.1036801067335,0,1,26.078971533517
24,175,94,"Forward",8.59763323754149,5,1,77.4728884714193,91.0607221000956,256.735944361893,82.7084190374179,5.88878993977672,79.6396332368762,8.13877648342798,42.9614792703291,65.7419262479798,1,0,30.6938775510204
19,167,69,"Defender",10.0337152763198,32,0,73.8661191791619,79.9017204265942,228.614546181368,80.5761047745056,6.39134893949801,93.3463442728411,7.14761551877774,68.2116287808268,67.2157514287361,1,0,24.7409372871024
23,176,60,"Forward",9.31523244227085,39,2,74.8902942535407,91.7763565097367,250.290376882442,85.8434861620603,6.11750528813542,76.1873385272746,7.70288870385722,61.3737554724744,63.6643051588949,1,0,19.3698347107438
21,179,60,"Forward",10.7352183026068,37,1,82.5741823852734,79.8330388630355,221.330297766765,100,6.64945634247217,84.369143941987,7.75918400837459,38.7232096763252,86.8208593502854,1,0,18.7260073031428
24,181,58,"Defender",9.64437552645978,21,2,71.2229269872337,74.3362182523188,237.827781042158,79.1922010081538,5.73503409974642,76.8702741986188,6.86231464067522,36.7434535832642,58.3313144039326,0,1,17.7039772900705
20,169,73,"Goalkeeper",8.12284874605413,10,2,79.0704921622288,90.6366181279865,255.95715729244,88.5441639791532,6.32318557391703,82.0421215898999,8.41833856487028,60.1473251732434,86.5868183630175,1,0,25.5593291551416
18,185,69,"Midfielder",5,13,0,76.589800408059,78.1209115787833,226.164746200217,94.7276077944171,5.78337166456677,90.8567395925811,8.65359654952733,61.803370555888,88.40401821236,1,0,20.1607012417823
19,183,71,"Goalkeeper",7.46793990819723,25,1,69.2527159910742,77.435005665896,239.421031144293,89.5025395567177,6.08707015176667,58.8373621298492,6.99079262630342,51.8966993684535,84.9260700244412,1,0,21.2009913703007
23,172,64,"Goalkeeper",9.25989723043506,19,2,82.6695660779793,81.7471512845382,251.902289957743,83.6570094448926,6.4849370870967,75.9490574635943,8.69431228417548,36.2442079813609,86.2185676896432,1,0,21.6333153055706
23,175,77,"Defender",13.1095217005442,33,0,79.0200215899272,83.9467563391429,225.797385698853,89.4066548083221,6.50686526796509,75.0559600799747,8.14098685954638,43.4259230536554,80.9733841404035,1,0,25.1428571428571
22,173,65,"Defender",8.41858174686875,39,2,80.932734505922,76.6068382720232,234.619703535766,92.9746438127578,6.21288779939697,72.3215373241657,7.82315965127934,36.245446832063,80.0912338858578,0,0,21.7180660897457
21,170,80,"Goalkeeper",5.31729954752988,34,2,64.3562028875607,92.7794757480212,270.650247060672,78.430394911933,5.83361807074365,62.8847261719927,7.04755130339821,70.5653463226782,78.2663903078262,1,1,27.681660899654
18,177,75,"Midfielder",11.4937395508582,9,1,77.1742972300908,91.1192437986274,243.549489500371,93.0040585652375,6.27987795967036,85.5143116826389,7.30728761100518,56.8919899892483,67.834202099173,0,0,23.9394809920521
18,181,57,"Defender",11.251820542457,27,2,78.2191213993503,66.0375830842386,241.73083665297,74.3222713099579,5.92859284990433,66.7949667176905,6.41030084245909,56.6376089408878,65.4272905985104,0,1,17.3987363023107
24,187,56,"Midfielder",10.6547330243153,14,3,80.8397814174284,80.4452140384697,232.011177286582,85.2355455295819,6.21998561830744,81.2701865951273,7.59843148062485,58.1850343018471,84.1693998509511,1,0,16.0141839915354
21,176,80,"Midfielder",12.0489735010717,34,2,81.2761568829896,71.0514363561619,266.601564167614,93.6167597365186,5.91801100984864,80.0634329632219,8.09778255271204,25.0518713367975,86.7909618999676,0,0,25.8264462809917
23,178,59,"Midfielder",12.8318103321103,15,0,80.2780319248839,86.927316010095,266.047735325746,75.836442320433,5.70959680364155,80.1055314710013,7.51866538265667,25.9390385069681,85.7757086243457,1,0,18.6213861886125
20,172,73,"Goalkeeper",8.52043344470869,38,5,60.9036453361168,72.7493987992287,247.06710157521,84.2526982799495,5.80472261311852,69.1525415312376,8.10803210561834,54.4751880951985,59.6888867259637,0,1,24.6755002704164
24,182,63,"Midfielder",10.8038624232299,17,2,69.3911096855197,74.0717068789597,248.12766746202,90.4143449724974,5.79608335350624,75.2615458195826,5.6234680211431,60.5647766488939,67.5413937660189,0,1,19.0194420963652
23,181,69,"Midfielder",11.2914407840808,7,2,76.0035072381869,83.3903128298413,249.659865150725,98.7756649988058,5.92895772337945,91.1049624046879,7.14532981976474,40.6628350978081,67.7888560352422,1,0,21.0616281554287
20,170,77,"Forward",10.2451655948689,5,3,62.5410266463646,77.2763130358175,231.531449515268,70.2932783157354,5.75029022943331,87.3299935149573,6.49864755226739,71.3290591313739,85.8454652480883,1,1,26.643598615917
24,186,60,"Midfielder",11.6149751043325,5,0,75.3032809768699,76.6264413922774,259.118070845414,95.3679427333202,6.17864171283808,73.0947611793775,9.07659963157044,53.1431668068359,91.6825166273048,0,0,17.343045438779
19,184,69,"Midfielder",10.0255053188837,32,0,69.7768847624818,78.7881369106205,229.559365123045,89.827875329949,6.23548515971379,75.9200931448215,6.82943635707236,38.5834673353081,86.7420602152133,1,0,20.3804347826087
22,181,72,"Goalkeeper",11.6094855745107,8,3,65.5669171559928,69.5816284755714,277.671228789028,79.6592304087866,5.40215912566408,70.5601087691141,6.4293551116494,64.8197309356171,73.0516307857974,0,1,21.9773511187082
19,187,61,"Midfielder",5.29591024523798,24,1,71.7793317220952,85.9877446007798,273.682638610455,64.7777700388827,5.75443248841326,79.1636251895228,7.48581901058443,65.7846017432349,68.9790085198172,1,1,17.4440218479224
23,186,91,"Defender",9.59133648775927,25,1,66.0632892146571,81.2602577613576,235.833215209394,78.2690016225124,5.87888111864805,80.6362745213266,6.82934957779633,61.31451587837,71.8838680822034,0,1,26.3036189154816
20,182,73,"Forward",12.9917091858491,8,2,66.9288819543912,92.4704432612846,248.991874535689,88.7229642991258,5.66101367283258,88.320684516947,7.24276706812995,61.4542985519968,65.8922136149317,1,0,22.0384011592803
20,181,85,"Midfielder",11.0039636287293,37,1,65.959606993661,83.1367949307573,221.636386456151,83.637069115671,6.14534912601135,97.6874829813478,7.73548521195499,38.698284694825,86.5536503530973,0,0,25.9454839595861
18,184,74,"Midfielder",5.95474116434578,19,2,66.0038748527652,76.1942119054172,269.444649719202,88.451982055747,5.82576111633896,68.9735030578051,6.69986051168217,57.924598550176,78.7123170840068,1,1,21.8572778827977
19,178,63,"Goalkeeper",8.87596191563663,6,2,75.2000910574701,75.4118039430395,247.417718779744,71.7083907592768,5.99987590528351,79.3701710724732,7.9357354050129,29.6734826391367,69.01163344543,0,0,19.8838530488575
20,168,68,"Defender",12.9546334949809,22,0,79.3267912118419,91.0273507949046,235.800579812996,85.1986906899098,6.22178888168378,81.50636529707,6.96459438863848,40.8930842810904,75.127771989146,1,0,24.092970521542
23,181,68,"Midfielder",10.5814207954286,19,6,71.2022981255379,75.5373045293237,281.460994436758,84.5146060345604,5.92160891241809,78.066164774473,7.90713824442604,51.6497327857379,67.3261761906413,1,1,20.7563871676689
18,176,83,"Goalkeeper",8.47696180237704,13,1,79.1312451174436,78.0598280106563,257.739076167091,80.5265354188245,6.25489960554182,100,8.62484079562695,35.6161341467464,70.406285288159,1,0,26.7949380165289
24,181,90,"Forward",9.96164060439285,24,1,75.5491549962379,94.8949175061566,246.250203118579,90.6666194753071,5.98250512808884,73.1926131208118,5.99341349728835,57.4869092421873,64.988509978518,1,1,27.4716888983853
22,169,52,"Forward",9.45378957997304,34,3,71.2777426491141,83.5944353558114,195.590206546704,90.7835412472446,5.46801297822611,72.9817706819865,7.50174180989844,50.7752785269784,76.1656724249449,0,0,18.2066454255803
23,177,58,"Defender",11.2222308000619,12,1,73.4764734147571,83.8096877458838,261.912138439704,84.2203861434602,5.70144415330002,74.5966930019875,7.33459623333224,67.2099097550406,64.5658219465469,0,1,18.5131986338536
20,179,75,"Midfielder",10.6788720835155,26,2,72.7724434590731,77.6627665810521,255.577813390171,69.8977404350345,6.33100390326343,88.3000849797958,8.47959955123831,48.1155054798438,77.5650174775077,1,1,23.4075091289286
23,168,69,"Forward",9.06557726748372,34,0,79.6785884438244,79.8333298402782,261.26765113816,95.0613336351813,6.4506196814027,87.8878137472079,8.05004693122825,45.0913743094791,86.956762692578,1,0,24.4472789115646
23,165,69,"Midfielder",8.83238097766165,36,0,70.3836985817703,87.2608004938733,232.684631636672,89.1425916244428,6.3933226777419,84.0897102302674,6.10060259245123,59.8688931915142,84.0673940438365,0,0,25.3443526170799
20,175,72,"Midfielder",6.60024660467648,27,0,79.9632140396887,75.3369455007562,247.818974225495,84.3634611803052,5.63294566291425,68.0134173386159,7.22907436443706,52.784243753972,78.0169835796675,1,0,23.5102040816327
23,193,70,"Forward",5,23,1,74.2188745222706,82.9771638590512,276.024650501804,88.7216999131851,6.19078306312008,79.1661380910347,6.36549014397217,76.0277564268978,64.7399790935808,1,1,18.7924508040484
20,167,58,"Defender",7.89767150237225,28,3,66.7701016323022,72.4985037386484,275.014601514068,76.3879973309263,5.80600504180495,69.3885522350935,7.00186266748014,63.2064379409051,84.3110454085198,1,1,20.7967298935064
23,176,55,"Defender",7.92343412849536,38,1,80.165247187507,83.6329212144957,219.094809040216,86.5394833513343,6.10578488360823,84.4171985232287,7.38021265110379,51.5661712280195,90.1409061508044,1,0,17.7556818181818
21,183,58,"Defender",15.7683240800688,30,2,65.555818407518,80.2058747780243,237.239261177162,73.8937729229395,5.96366238050209,80.7436967828194,7.18390601321534,32.575751182906,82.5629667959418,0,1,17.3191197109499
24,179,69,"Midfielder",9.11949067225386,34,0,73.8114283250252,71.554603792027,241.30069030828,89.3414875692162,6.04568383679401,80.1857870573877,7.96551521944835,51.6698145349795,73.5046105011875,1,0,21.5349083986143
19,191,70,"Midfielder",10.8791781730502,14,0,73.968708095328,66.200404839848,230.870624973903,73.6771713498917,6.28844916414352,89.1535434594997,7.49237399975558,60.1308350223529,75.5778937829087,1,0,19.1880705024533
21,173,81,"Forward",10.9639981995153,13,2,79.6315014439172,74.5331913532152,216.040507403759,91.3310431680179,6.01090964376404,79.1943686780081,7.17258464787124,53.7011642248887,94.5649621699352,1,0,27.0640515887601
24,176,80,"Goalkeeper",10.9332324355319,21,2,74.2807500513015,88.2229077418273,229.984745699278,87.8566858694761,5.67346617159516,93.7652917876332,8.23805134893437,60.049902582143,74.8362594509147,1,0,25.8264462809917
19,174,91,"Forward",9.03441452063655,29,2,60.4919442911395,76.3232342700242,256.893951465978,87.1825774911197,5.87953474202852,64.442268795469,6.91441263691852,73.8412297689381,77.5411552679921,0,1,30.0568106751222
20,180,67,"Forward",11.7611621085249,17,1,73.2900853629744,75.6163833518868,249.216734604182,81.8041936007719,5.69896402787205,66.1635541418535,6.67369117963343,55.7927714785257,79.288897151007,1,1,20.679012345679
19,174,53,"Forward",12.9353802441774,39,2,76.8675028121605,85.562935575045,260.248409044799,83.3699320814739,6.26258259552791,80.1802713225568,8.31049671128317,52.7887974284364,90.9535373164376,1,0,17.5056150085877
21,188,71,"Defender",9.2999030621242,13,2,73.4419939987626,80.8414644409618,240.831232344842,93.1644938352021,6.2964663279442,89.6344687683301,8.66711441407539,46.0408786977184,84.28065050454,1,0,20.0882752376641
21,184,74,"Forward",5.29354165556637,23,0,77.8226896155252,84.0004584531467,215.712276971621,100,6.43482061454292,95.1577472933118,7.55293577425582,44.1144625646882,88.7418906555722,1,0,21.8572778827977
22,166,82,"Goalkeeper",12.2058244825687,22,0,64.9577652174129,70.767731297398,247.529265098537,81.7879059845792,5.87160837247801,86.519843309946,7.1796498133689,38.0918917084886,64.0066602118431,1,1,29.7575845550878
21,174,68,"Forward",5.34875908307814,6,0,82.277386635132,81.8843079414866,266.700918596097,93.1354995411631,6.43337188964267,81.1250042107416,7.97231766719151,50.9510906685342,80.7533898287231,0,0,22.4600343506408
21,184,77,"Defender",18.8666084206041,31,2,63.9006757917375,80.6440990623549,240.403637522826,85.7115247946977,5.93942513699311,76.3130005381005,7.10086966381375,63.4443974287328,65.9010368220014,0,1,22.7433837429112
20,187,72,"Forward",11.7738581277538,33,3,76.6123818156101,65.5964897059436,279.552095404091,93.0073738164098,5.4326043635935,64.6563321548855,6.95485685232032,61.6192184598044,80.466555140549,1,1,20.589665131974
20,177,65,"Defender",11.0329233374016,18,3,80.1973868722032,80.045320882103,236.647998752075,83.9627962537706,5.78725859053117,77.9684202306379,5.92052270471402,50.6115109702552,57.9355695137663,0,1,20.7475501931118
20,187,65,"Defender",11.5971001525795,34,1,89.3044759082183,82.6420182601931,255.12114807336,96.9055715166792,5.73274176499678,87.4243007699385,7.07373133977054,41.6198074131812,89.2412489621319,0,0,18.5878921330321
21,178,82,"Forward",8.86282003543233,33,0,74.9738673400785,77.1241892031342,261.690837574072,83.0028553962231,5.43527595633439,78.1723425333353,7.27317192239836,59.4333348297503,70.4023298826757,0,1,25.8805706350208
21,168,77,"Defender",11.5793708015398,36,2,69.6452917909579,83.1444288004874,243.226078311039,86.0862574400924,6.5600055655744,79.0940567036866,6.53913785945829,52.1290866976296,79.5557382981585,1,0,27.281746031746
22,189,65,"Goalkeeper",6.31167428688676,16,2,73.6892968402659,73.7557371218691,276.671276873274,73.8301946388031,5.67411258863237,67.1496862434802,6.75885027104559,59.3204563157759,89.0987662425086,0,1,18.1965790431399
23,177,79,"Midfielder",13.5792369151839,28,2,73.0751850351598,85.9414106768717,244.122230233278,73.5269326722109,5.56362113206746,71.4382735900086,6.08835944637671,53.6681187702978,76.6021076660574,1,1,25.2162533116282
24,167,70,"Goalkeeper",14.1135670678081,9,0,69.0401351662552,74.0580588604593,283.301307285995,80.7754265725911,5.80841854498106,73.1113499632829,5.5694978613505,61.5626755135031,67.9938475029411,1,1,25.0995015956112
23,178,75,"Midfielder",11.0873012131971,29,2,85.2464227171335,84.4421972527621,232.23147769691,83.9994975913918,6.05855863789156,86.3210588658378,7.16940899795389,52.2635073975679,77.3753634584218,1,0,23.6712536295922
21,184,72,"Midfielder",13.0429766588561,24,4,67.4035292267981,75.9926508532425,265.717421135969,68.979218111031,5.69755507087824,89.7994146230546,6.95075528952675,67.3051915979297,72.7875916578865,1,1,21.2665406427221
18,169,71,"Midfielder",13.8085575492381,38,1,56.6644815250609,73.2783337859016,263.962426630602,86.8660068792623,5.80728138200928,73.6177167407807,5.82462221187395,61.3499000669544,76.7745745174855,1,1,24.8590735618501
20,177,85,"Midfielder",9.57661160760702,31,1,66.3363969864223,64.5790898059129,239.166592186133,78.6027235005289,5.51646984810025,74.2844485345365,7.06244074930671,50.9608774664203,82.3203323574016,1,1,27.1314117909924
18,178,76,"Defender",7.56779835896833,26,0,87.1711561174734,88.8346379604614,230.823579031051,90.7310729931207,5.90306640191987,91.5559736195913,7.53710457111509,40.4466315049027,81.6456568156617,1,0,23.9868703446535
22,167,59,"Forward",14.0417890302383,10,2,77.1974719470005,82.8288637698385,262.148898154831,79.8997573735878,5.45994574903107,77.2350569055147,7.38652868006651,57.1738845808722,76.6395346697825,0,1,21.1552942020151
21,176,84,"Midfielder",8.5890658928552,36,1,77.2990963623169,90.7177076803468,252.285522826826,77.4911308272674,6.13158444297816,92.8967293152624,7.7339598417956,55.3480668695601,95.8905711523728,0,0,27.1177685950413
21,191,77,"Forward",10.5416807144095,8,3,68.1220382895379,68.5516766097443,244.701101978173,91.5075757167352,6.31977608126548,85.3792744481769,8.30377867217712,68.8852991833008,75.7560926620318,0,0,21.1068775526987
24,175,70,"Defender",7.88896633286924,5,0,74.2195920422913,69.9616399117417,271.489876175455,87.4982883741167,6.00385087097157,72.0584370186465,7.45479479267657,61.0180650158844,79.3518195950477,1,1,22.8571428571429
21,181,89,"Goalkeeper",16.2947544846396,18,1,74.0428592800293,87.1623257885716,221.292825397073,77.8509962696487,6.56583749499953,90.8452695850021,8.47399037712939,36.0306869681966,74.9728347154282,0,0,27.1664479106254
20,183,68,"Goalkeeper",6.41544703442369,38,0,78.3114378415659,74.2402534125123,271.340020326855,86.4437467599428,5.75442413037448,76.6746519043993,7.77849057091054,46.6763358186284,79.711399760392,1,0,20.3051748335274
19,185,69,"Midfielder",9.53945428441559,24,1,75.4894831533172,76.9242556194344,245.986794312775,82.35530830723,5.87247828928632,73.3479286944393,8.72206781002778,52.494432858954,67.7110614672567,1,0,20.1607012417823
22,174,61,"Forward",10.8758692917585,11,2,75.3029945414922,73.7095313517903,231.836888641303,85.7050852667587,6.18250989117079,79.4127479532011,7.99999472909061,28.5130079199133,82.507278750742,1,0,20.147971991016
20,170,78,"Defender",10.1323129294515,27,5,84.4530502354775,90.5193421069339,268.096957134111,82.8908917354562,5.84340825330159,88.9101732361423,7.04315399171393,58.1181501843149,69.9328642226415,0,1,26.9896193771626
18,180,82,"Forward",8.94820430756312,26,0,84.4434680774927,90.7642942095545,232.890353793304,82.1990262537319,6.75642316467308,82.7241926368846,6.73811810418351,28.7471074393344,85.169365320035,1,0,25.3086419753086
20,178,72,"Midfielder",11.2979924513377,14,2,81.8571765708569,71.7129562530192,243.485250252202,87.3227334352079,6.12042288595037,83.5926435598141,8.73414727995303,53.4986812948862,83.4152553411579,1,0,22.7244034844085
24,176,93,"Goalkeeper",10.9376997415811,25,2,75.339844665826,78.7790537851094,221.638175220092,83.4387356994453,5.54861524905252,76.7274719360164,8.40071186850592,64.0160484660318,70.2086311849182,1,0,30.0232438016529
24,185,80,"Forward",6.8501639646217,22,0,74.2412616707266,81.3678812534126,262.72149261191,84.6075400893431,6.05449751505438,90.2560035905342,7.22590867970248,56.086535638794,63.6029579084919,1,0,23.3747260774288
20,188,67,"Goalkeeper",10.2268522907513,23,2,68.2010120545061,66.5866360174251,290.754584880377,84.3954671545745,6.06246408430136,71.0314501003383,8.63444720488897,54.0946936945438,75.1344035361605,1,1,18.9565414214577
22,180,63,"Midfielder",13.5044757497134,31,2,80.9387173367832,80.38517596258,207.651238917956,99.276614901807,6.2553058037513,94.1993427091363,7.97866567931575,49.2356147323717,79.405918122368,0,0,19.4444444444444
22,182,66,"Goalkeeper",8.05985923943155,26,1,74.9421195647762,80.5244377655405,242.534404646845,87.7513892078637,6.32846605932136,78.1067035260488,7.91487270272205,52.570109043611,71.7339509382091,1,0,19.9251298152397
19,177,89,"Midfielder",12.1378117574211,17,0,79.1042956790223,86.3617654095436,263.988260176286,83.4431530707946,5.89752418611931,74.1151250475842,6.16322450843897,51.338652522822,66.9657911142463,0,1,28.4081841105685
24,188,89,"Forward",12.5277463329258,27,2,78.5476130599638,78.0615045377584,248.559449333991,84.5865807804868,6.01989553894903,94.6684081891042,6.84598216370741,43.8962087979585,85.2184988485423,0,0,25.181077410593
22,174,80,"Forward",9.88387000039674,12,1,75.2517512279298,84.1442650868371,225.851829960378,95.0445091019015,5.73685666917422,82.2375726725977,7.82215109077248,44.4166232771554,76.4487545767227,1,0,26.4235698242833
22,173,81,"Midfielder",5.9782443425046,15,1,80.6176697742329,78.5465373803493,213.755512277969,91.4863595495508,6.08454564637395,78.9485038383434,7.75826244090603,50.6092025671094,69.708496906049,1,0,27.0640515887601
18,183,78,"Midfielder",9.16605698295297,12,1,72.4571547331239,74.5462439869121,285.061152363613,81.7568333847931,5.93771636402594,78.672863331961,5.55686523268619,55.7962543621553,74.6337356411365,1,1,23.291229956105
21,171,67,"Defender",9.05835632864655,22,4,79.6309050162591,78.2135097108711,303.30029475556,83.7289492453574,6.51690578826351,77.4529843067783,6.97777937362307,62.0145281989556,78.6551010906125,1,1,22.9130330700044
22,177,74,"Midfielder",12.403679838711,24,0,81.1086814959329,73.0245678839825,200.486817205257,84.6858506143702,5.94080403482411,84.4866261221082,7.91440450803984,60.077965821459,82.7176639822624,1,0,23.6202879121581
23,177,88,"Forward",6.08274647897709,15,1,72.9047518960374,84.2034983848916,213.861873910207,86.4968691838377,5.90080890185743,86.5225903121271,8.22029240134105,53.3155719866763,53.7882597858075,1,0,28.0889910306745
22,173,74,"Goalkeeper",13.3834276127071,12,1,73.7481066246251,71.5498823373818,243.992804601495,87.0591953065509,5.10748939879243,80.527578590779,6.36319610888073,34.7023648910774,64.7818493583062,0,1,24.7251829329413
22,164,62,"Goalkeeper",8.72547507244048,13,1,62.1744212292219,82.7732755412416,209.949085501541,77.3715154389798,5.58086998988118,73.1561671915897,6.85315656293646,61.6131453218767,61.5428727618776,0,1,23.051754907793
22,170,65,"Defender",5.48612417664926,10,1,69.9412939998832,77.6602276726642,229.112408213036,89.0460261995593,6.09733096949069,75.6793825249655,8.3015461415248,35.6484135372071,81.616178536276,1,0,22.4913494809689
23,171,80,"Goalkeeper",5,12,0,78.4932396652464,67.7115805915937,241.753418222384,81.7904301146833,5.83604350677597,63.8185349714965,7.58872354795631,64.9182721016532,73.3425449959993,0,1,27.3588454567217
19,164,74,"Defender",11.3596609895854,38,1,78.386020433769,86.763839019618,244.35278128238,91.8484893731263,5.90016749905423,85.2615854532364,7.57405602760824,52.3688195421561,79.6759980763445,0,0,27.5133848899465
19,175,86,"Defender",13.835766016204,18,1,81.3010055126196,84.0540154199516,180,88.9849600994914,6.31622165299391,89.9974898751588,7.63576333599126,29.7861963593114,78.3274233094106,1,0,28.0816326530612
20,166,61,"Defender",11.0436623215249,18,1,81.106490821187,78.5415514478073,281.161055640033,76.8091289382758,5.58503276655831,71.0295759127221,7.08656078708541,64.7912043752702,85.7994222723354,1,1,22.1367397300044
22,176,69,"Goalkeeper",7.57710867533066,9,1,79.9633610168331,78.7938329917294,258.098110750067,81.7605969678749,5.67250172119168,81.1259149954443,7.76331115631813,60.177086841699,66.9652207055269,0,1,22.2753099173554
20,183,71,"Defender",10.2167313949066,39,2,83.7928249734224,83.455448136142,260.25616019341,92.8363450297702,5.61966189317619,86.9990941563314,7.65749679468761,52.1919927442617,85.8043117447486,1,0,21.2009913703007
20,177,83,"Goalkeeper",13.5157703013292,25,2,83.7115686558732,83.1168582500685,268.140895286545,76.6570704435876,6.19254359912753,78.5887641226908,8.44436811128381,43.3264136841041,66.0806963594992,1,1,26.4930256312043
18,181,65,"Midfielder",11.6509117517597,25,1,77.3749690478694,86.0536561288287,288.541188079007,77.7537766086422,5.79805669211125,62.835094391214,6.48004421670499,67.4805462429466,70.2903976713792,0,1,19.8406642043894
22,178,86,"Forward",7.50331892196796,23,4,69.4129250388485,79.681251738977,229.614178646505,81.3670923169799,6.13457651492416,72.6848295558426,7.66024556333649,49.7540529153267,67.9932254974268,0,1,27.1430374952657
21,191,83,"Midfielder",8.78235553068336,22,4,73.7045772660572,74.829349383688,269.485986905478,80.7376694726837,5.97940106368091,69.1558999407707,7.04279355414301,68.1640545956154,62.6449328931179,1,1,22.7515693100518
19,172,85,"Forward",6.45046665824861,6,0,66.7500792666339,86.1434519256987,198.544182017645,82.074152591626,5.94567779639456,80.1232175314774,7.57282555034748,54.3392910940246,89.0387817468402,0,0,28.7317468902109
21,166,65,"Goalkeeper",11.0658820746487,34,3,81.5589573983212,81.854904881778,253.323715323002,78.294372202286,5.92928117263998,61.3057269634892,8.67632449528426,35.6440751316526,65.9286851226034,1,0,23.5883292204964
23,182,82,"Goalkeeper",11.4456003340514,33,2,67.8232460939068,81.8504627288707,225.655838738524,86.715529448152,5.93579600920164,77.3298824371747,6.93091055616511,62.0016468753653,64.6141743414719,0,0,24.7554643159039
22,171,69,"Forward",10.372178683044,13,1,71.1927412269537,76.1240955561703,251.058080272492,78.959214890746,5.98990556357384,71.1961505984875,6.31430613589536,60.488399534143,61.2318176703776,1,1,23.5970042064225
19,169,59,"Forward",11.1891600472251,6,1,79.4809203175859,70.2401048643572,222.411278984872,92.9844899843887,6.08689834522468,96.8178130377118,7.23930934828676,37.9197259645061,82.9180291857775,1,0,20.6575400021008
20,171,78,"Midfielder",9.6279601999319,28,0,80.7137081047498,81.0422081296561,242.308747288791,84.6756631250263,6.32869833308042,90.3904080952603,7.88138365603436,61.4705632508031,89.4480839593796,1,0,26.6748743203037
18,183,72,"Goalkeeper",10.3484228059397,32,1,84.7508314198894,82.1140818144152,269.322856609459,95.0939739161544,5.88650224222534,81.8405733115075,8.33268868701722,33.3494977969125,72.6990244608864,1,0,21.4995968825584
21,183,71,"Midfielder",8.93112426911306,36,0,88.3176814004756,76.8528105985509,250.921595073611,91.9812488933672,6.02698107729693,84.9226745243138,7.42857637104312,30.7934563361667,79.7920381338836,1,0,21.2009913703007
23,182,63,"Defender",10.4110164508896,16,1,85.3083664485677,91.4835247422771,262.676947973815,84.7968866503375,5.91078433597641,77.1025595024185,7.27106489042519,48.0981714237424,71.0190225428224,0,0,19.0194420963652
18,184,52,"Midfielder",7.03368994393734,22,0,69.316085275657,86.0410056527878,211.880935823048,93.5760150937448,5.89801780045629,77.155870911452,8.005445772482,45.6657242060662,87.8895101350755,0,0,15.359168241966
19,177,82,"Midfielder",6.32954317084392,38,0,79.6147457132378,68.608826295447,244.833829345241,91.1390597374216,6.42489270875923,82.3031815123783,7.10457491153228,38.8472899381059,82.3245086124077,1,0,26.1738325513103
23,177,58,"Midfielder",13.7290593906368,11,3,64.4766928394445,93.4514570560403,230.063164903363,93.7140510509304,5.75663427499622,87.0938158473574,8.20004997725067,40.2558648447762,86.467115516647,1,0,18.5131986338536
19,176,60,"Defender",7.2911699933881,17,1,78.9231939247898,72.1197296251404,206.408990342956,82.0460394172767,6.17743475930066,82.3139355921899,7.40061062936409,30.317169261033,64.6319133405416,1,0,19.3698347107438
20,185,77,"Forward",8.78225290995459,32,0,73.7181692664555,96.4872916231774,256.529613696653,95.3898483333369,5.97601090361458,79.5005194041954,8.12712800127889,62.5614190428447,84.0888989595322,0,0,22.4981738495252
18,187,91,"Midfielder",10.2584914513149,10,2,72.5008804979616,79.8159539603064,215.20438917414,82.0170256149653,6.22072596837588,67.7535342388247,7.90376474940287,52.1939114064879,72.5650380565972,1,0,26.023048986245
22,175,62,"Defender",11.554064596188,17,2,80.781717970748,74.5121279838592,222.40648771124,83.3252874640123,5.57261155374399,63.8944238474689,8.25852082933647,44.6355760438345,71.088881104065,1,1,20.2448979591837
18,175,76,"Forward",13.5131981104279,5,1,77.8433727073052,79.0004220712008,239.850265304037,82.25846846009,5.70217537863109,77.7844764426116,6.01252320177412,50.100222938258,67.8359364058981,0,1,24.8163265306122
21,167,91,"Forward",10.9565310174771,6,1,79.9235212979609,78.1166592723903,306.471869093266,73.1368031806445,6.43133643308756,78.5839471454396,7.99005419767659,60.6425611795489,80.3383818487291,1,1,32.6293520742945
23,165,83,"Defender",6.40990120281331,31,1,83.0653036762955,92.348662406783,256.777809518549,76.2250776055116,6.13386051572642,77.5551702253948,7.54369427342975,55.7645722703778,64.9883824797425,1,0,30.4866850321396
22,176,80,"Goalkeeper",7.43375464477707,8,1,73.5298174860968,80.7469779452579,254.782976152151,81.2345969600613,5.53275549046676,79.5764421298036,7.35860828375781,54.4858912810106,78.2862669750897,1,1,25.8264462809917
21,185,64,"Goalkeeper",8.02076034348419,18,0,77.3887561613467,87.7654145774055,230.382924894082,83.293713137972,5.86471432233469,78.2045515647267,7.97861985896339,41.9583543276551,86.4377142991187,0,0,18.699780861943
24,174,68,"Defender",10.669881949249,37,3,70.8776761036252,72.4660360760692,265.067311970912,75.688049125817,6.07758164920178,60.0528114708874,7.18029364492063,61.1280055141747,71.8726452357756,0,1,22.4600343506408
24,174,63,"Forward",6.38427579869762,36,1,77.8292140753457,86.2813732835451,225.232959906842,97.2909539969442,6.0896449768873,94.0512870332002,8.2487066339198,61.2391293363767,74.2584004767735,1,0,20.8085612366231
19,175,66,"Goalkeeper",8.10605324285517,36,1,75.6318771041883,79.0887695202976,208.217330649543,93.5419332502847,6.05698179435435,69.0633165229751,8.19593611498664,44.783560340519,75.1007472253201,0,0,21.5510204081633
22,175,62,"Midfielder",7.02416768723912,5,1,75.1245430390595,81.8242536237886,229.419203726504,97.4126861587128,5.92048712978209,92.7207825299565,8.99418165583197,56.9533692242153,88.6228679447989,1,0,20.2448979591837
20,185,76,"Defender",17.23824921972,12,0,80.0809136314756,79.4023820887452,214.948291029154,92.5434010010216,5.84558659158667,83.9173057903647,8.77931306308908,44.4282651189191,76.9636448801645,0,0,22.2059897735573
19,175,82,"Defender",15.2901922020131,32,1,74.8671133789916,76.3046200278161,288.535225472763,86.9833510893564,4.99893278466357,69.7699495233111,6.72974113760707,64.929277952286,72.0169164482765,0,1,26.7755102040816
21,175,58,"Forward",14.2187551666288,15,2,82.4102864089294,81.8553458620141,265.666699922176,89.5743773419656,6.31397611411679,84.2056471251766,8.54472225925375,41.5504445275014,83.9121131276433,1,0,18.9387755102041
21,169,87,"Defender",9.05488085300914,26,0,70.4130079712925,86.6968292634795,247.951634208597,82.0407307446172,6.01797584556531,64.4561073010907,7.17239546407209,67.0000393038329,63.1486144601207,1,1,30.4611183081825
24,171,80,"Midfielder",8.67740444535344,38,0,83.6967209201386,77.0485415342786,225.345600613546,89.6834861020196,6.25070905074495,68.3070811268528,7.88673955415987,44.4243132816658,80.2792445192869,0,0,27.3588454567217
21,184,77,"Goalkeeper",10.0939607028948,35,0,83.8127102052558,84.1887716110501,238.544549662798,89.5405901875531,6.50026183218779,79.7085040605974,8.53751340866256,53.0973332404503,69.8169518698411,0,0,22.7433837429112
20,183,61,"Forward",7.24209150642137,26,0,72.3043100253235,83.3003072466284,222.778189921702,90.6088646800232,6.21264281396325,82.0138273827883,9.33095535816478,58.42074086052,80.406250712758,0,0,18.2149362477231
19,178,80,"Goalkeeper",13.8501680993571,25,4,84.8345252047732,76.3677015202594,247.230806798619,76.3085887129767,5.85656785263572,77.7944888104603,7.36645960411438,38.3234816708868,69.9724368594071,1,0,25.2493372048984
23,183,74,"Forward",10.6793236030065,17,0,72.7493801659096,83.2404481146597,239.586454320862,83.2292961810166,5.48510360697705,65.4739970326651,7.13331922213131,64.4847291103829,75.2271162098162,0,1,22.096807907074
22,180,55,"Goalkeeper",7.89849104684775,32,4,72.5831752619359,78.2983295461604,264.691352165411,71.7635180832783,5.83620001634066,71.4471310910473,7.40637115309696,51.2082659685265,84.3738257491478,0,1,16.9753086419753
21,185,77,"Midfielder",5.97352334859486,24,2,63.5122699273867,83.5348417646333,279.652563867233,73.1234313852071,5.89885664104946,71.7619787534473,6.77576932633071,67.1090480560143,71.3299153908025,1,1,22.4981738495252
24,184,84,"Defender",8.81702202928964,31,2,76.3970871919235,80.3853338297603,214.952809833578,93.8682587438918,6.6175489966759,95.1383274660138,8.17467816279294,36.9153535036841,73.0611088386462,1,0,24.8109640831758
23,174,88,"Forward",14.5531720371048,21,0,71.5470503155226,81.8049883829045,271.131253342011,80.8299002231291,5.44958684294528,75.8552234934842,7.67191329703021,87.0650071746309,77.4729882320257,1,1,29.0659268067116
19,170,64,"Midfielder",5,39,1,73.8580919007802,86.28193921253,233.773713660023,68.4850610786477,6.3309180205456,81.4227043378015,7.57279796753354,80.4208314127072,70.156498523618,1,1,22.1453287197232
24,171,80,"Midfielder",8.55733924971297,13,0,83.7262292810752,77.7768123121576,232.357183844499,81.2494399731776,6.16756749697174,90.010474169853,8.18356513376761,38.5263651602655,96.1179215594717,0,0,27.3588454567217
21,187,64,"Defender",11.5331580746142,24,0,75.8216461799738,73.533378190507,239.218228241483,90.420393937432,6.1710338790179,89.8546054974496,7.17087158505841,47.4282544391236,74.8026852754249,0,0,18.3019245617547
21,186,92,"Midfielder",12.8193963307608,39,0,69.9318241277724,88.2394669842855,250.895017886391,100,5.80401541968558,72.4551473402539,8.37587401006031,44.8566878233829,82.2052649329889,1,0,26.5926696727945
24,181,91,"Defender",12.4147264022303,9,1,83.7306520847942,86.9576448392066,276.147578052921,84.6186296639236,5.83688397237197,71.929217693199,8.1277962982172,56.0406007098918,79.6238476867288,1,0,27.7769298861451
24,179,73,"Goalkeeper",14.5157865597373,38,1,75.0389792223753,71.8144389465707,275.478452958093,82.5160254752788,5.70994225481205,56.9807161268099,6.74322553245072,64.1371887556703,62.5491226579258,0,1,22.7833088854905
23,178,92,"Defender",5,14,2,78.919034075638,85.0471561508008,247.043934733756,90.4994636181041,6.88061847505676,82.4935743039885,8.1889164669316,56.4299654203146,74.3893623520811,1,0,29.0367377856331
18,188,72,"Defender",10.9807735422188,32,3,83.4510590005707,81.3182922666414,247.466891456805,85.4623544089125,5.48965676462527,89.4047151761894,7.70308292992075,32.0541543939827,72.5187708584026,1,0,20.3712086917157
19,182,80,"Goalkeeper",5.20606060432317,29,1,75.7174736080938,77.0167437753592,230.463786265094,89.2505995912973,5.87986647052205,83.0351207814738,8.50077747870506,41.5195047811591,71.5172511250148,0,0,24.1516725033209
19,167,51,"Midfielder",5,30,5,69.1447806485195,75.3528669627606,254.274852205228,72.1618091335131,6.31006624716988,71.2834919283504,8.18236355328775,65.907032384712,76.7286110840265,1,1,18.2867797339453
19,193,80,"Goalkeeper",12.4697188899736,25,2,66.2793840514763,67.8778467047082,251.581139295915,78.6442296407389,5.59504132027957,79.5666592547602,7.24509912576158,67.0019803738076,67.8470546922651,0,1,21.4770866331982
18,187,77,"Forward",10.3609191124565,38,1,72.5666987874268,78.5408807134531,235.255483208416,78.3414700658604,5.8049095119556,69.1888307386659,6.94708279368768,64.1111468826661,84.7250571382936,1,1,22.0195029883611
23,184,66,"Forward",10.1663384265289,16,2,80.545947921445,85.1213541749858,235.754883940225,75.7480422044899,5.59007105989952,71.7629642630358,8.67394147244744,54.123081945619,89.3521889848094,0,1,19.4943289224953
23,177,77,"Defender",10.397677302461,16,1,71.8512674206825,74.3832484004481,261.644295694269,73.3634595612552,5.84878668988902,79.2185794703494,7.41629759027604,49.7874021615202,72.232398422943,0,1,24.5778671518401
22,193,71,"Midfielder",11.2500102133072,21,2,83.4794981158886,64.4668203457549,216.656311679923,80.6846611806675,5.6903929657268,78.6785366916555,8.19786801434855,61.6076100919193,71.6158564301293,1,0,19.0609143869634
24,172,76,"Goalkeeper",13.2988486436307,31,5,76.3724323163783,83.1505471806848,227.00161289114,78.1879705677026,5.89873553021925,59.1442135837585,6.04550473676796,73.8860630844652,86.0290039775134,1,1,25.6895619253651
24,178,53,"Goalkeeper",5,37,4,77.0793503538994,88.7573620619449,259.600051786124,81.9361682220283,6.166855397068,96.7662313060926,9.16059337728091,66.6364484970699,100,1,0,16.7276858982452
24,164,60,"Forward",8.47618438941564,24,1,63.8828696741776,74.4446657833661,276.381551895845,87.5223267170663,5.82140279320368,68.4802139820721,7.66908215633215,54.5577282376264,68.9093056885518,1,1,22.3081499107674
21,173,83,"Midfielder",8.49736557721621,24,3,82.0281944006938,75.4693313827054,253.062250535683,80.6844585887103,6.14275375419641,83.8348223699779,6.47409067245326,72.1935979026274,61.5366833116957,1,1,27.7322997761369
18,166,53,"Defender",11.4691628971203,10,0,89.3026142609926,78.2530011657001,259.582343548925,85.5003487036017,6.48418299282478,82.6010400020029,7.88879084563003,37.9885427010263,77.6200721440878,1,0,19.2335607490202
24,169,62,"Defender",9.05788694265854,37,0,75.2347176457347,84.1547895886173,266.312254658591,98.8303251962338,6.07578955603918,74.6870323919372,7.07375391511297,43.4878140190646,53.4373925860582,1,0,21.7079233920381
19,174,68,"Defender",9.86793093037652,36,0,63.9389363061898,70.3577308308598,255.195777980801,84.5258372517997,5.47138164254092,71.3173382890414,6.97298141030218,57.1986337614084,75.9357852141426,0,1,22.4600343506408
24,174,74,"Goalkeeper",8.66636045652738,18,3,74.7482940467981,82.120150684691,234.194874790443,92.0442833923548,5.95796312887393,74.0207661338817,8.40979672954325,40.4917782804708,85.9694293322489,1,0,24.441802087462
18,192,72,"Defender",6.11496620798668,28,2,76.1867252225945,80.9527184127661,249.108525943949,94.9544614489153,6.01402026169252,82.5389508129429,7.54820624276833,31.5193644718901,72.4663491170534,1,0,19.53125
20,177,83,"Defender",11.6514166363824,21,2,72.9619650867295,76.0105906676875,250.239483601877,84.4373469989044,5.80921091009345,74.9229341233477,7.02693851615515,61.9064464381704,86.9438144544762,1,1,26.4930256312043
19,175,76,"Defender",5.52551966444901,9,3,76.4756020121197,80.5110576347738,265.230524485811,75.5246358626276,5.93839386234866,81.6899025517912,6.85094527948367,68.6322101029586,76.5988342770951,1,1,24.8163265306122
19,169,89,"Defender",9.98499346033786,30,1,75.177005380105,82.3407938345612,200.355201201774,96.549162221327,5.75025753186049,74.4322731958736,7.69121604222503,56.7256181668445,65.1688818373674,1,0,31.161373901474
18,175,91,"Midfielder",11.8231731243564,36,0,74.013250679315,82.0049436604266,235.438035282879,81.1468283571903,6.43816752716531,79.9325711032719,6.56405832820245,37.7077265184299,74.6027298022878,0,0,29.7142857142857
20,172,57,"Defender",5.59082220930443,23,5,70.2869261115114,66.9781834219222,286.048694212255,79.5991437728725,5.74739123742083,81.4311386757634,7.8074059426734,51.7514095913822,73.1006606039912,0,1,19.2671714440238
24,173,89,"Goalkeeper",6.75146772957163,25,0,79.6350585983026,84.3825270612158,223.209296188439,80.9630904975631,6.15717651628787,90.7378934710395,6.53078149848023,45.3224946472656,82.9762778664058,1,0,29.7370443382672
21,181,86,"Goalkeeper",10.3722307723761,6,1,78.952417997639,79.9750653928859,244.088674198856,94.206602948778,6.07063111951401,84.0516137214016,8.32295563435849,53.4850663766568,73.8785557699809,1,0,26.2507249473459
22,180,62,"Forward",7.83428379271302,39,2,78.242286325118,76.1449558931514,253.20713307286,86.011212512719,5.95211442722651,77.6929306086349,6.67920238340404,66.1892828298579,71.5151140468587,0,1,19.1358024691358
18,174,49,"Defender",17.4959114531007,36,4,69.6339364261696,80.9814774840885,233.510248963284,76.6748913057009,5.10091625500346,64.494420445326,7.25102490402722,52.2937225716303,82.1857930347021,1,1,16.1844365173735
22,179,76,"Midfielder",14.2592177880342,36,4,66.4664274596699,75.2176002037057,268.502539217267,76.4964050409158,5.91660259005308,77.6974077537393,6.48055895932228,61.8362662107887,68.2963848085028,0,1,23.7196092506476
20,180,69,"Forward",11.43532225938,34,2,71.7368812316099,76.643672315258,300.416047779053,76.6231180833765,5.64952752392071,88.0086966781758,8.84948818964869,52.5561574530301,60.8857294931539,0,1,21.2962962962963
22,169,65,"Goalkeeper",8.12858482564927,14,2,62.8654606068993,81.9529429446801,251.969914714572,89.0137448362695,6.09657213553645,80.8223464149055,6.97424673948061,27.3951779674611,77.7135625800028,1,0,22.7583067819754
19,183,72,"Midfielder",8.48806061037761,13,0,75.0754208446899,77.0378628334828,286.453957354766,89.0931996943974,5.23194996456979,79.1250975202266,7.22229289449967,48.3595409480847,78.3982584592162,1,1,21.4995968825584
24,177,64,"Defender",9.70544543264446,33,0,78.4539398751069,79.8503911826833,247.691248583707,86.4304349130694,5.98470224360153,72.8195781076605,6.56725829124009,64.3410071037499,77.5319571688639,0,1,20.4283571132178
24,182,75,"Midfielder",9.08550131445468,35,3,71.9244512497231,77.9366430330867,253.322248267,78.8931740939643,5.77805566569182,67.6095629388674,6.92996798507225,70.1953450152794,72.4368468042392,0,1,22.6421929718633
21,176,71,"Defender",5.66303379472196,30,3,58.4538983015681,68.2868707665699,274.365376705636,93.451760381421,5.72014216158999,75.6729273106737,8.71218647995829,56.3893953633071,68.8385577002619,1,1,22.9209710743802
19,176,71,"Goalkeeper",13.7604917073658,32,2,74.1866216261958,74.4474525399494,240.947989528608,81.3804768789581,5.72428681262,74.0703866542711,6.51809519465299,46.0864363813994,85.4671251437905,0,1,22.9209710743802
22,194,81,"Forward",5.85034184179666,5,4,68.5292040125872,79.2264273961121,263.579954580658,85.0802132660433,6.63614168926215,60.7889809647623,7.47418511064573,69.3770459882832,77.5355482570046,0,1,21.5219470719524
24,179,72,"Forward",11.4473550534471,25,1,76.9408798703658,83.4762539399029,210.213327640994,80.866556717449,5.45320756651256,76.2780600979694,8.37013038494117,63.3557750673638,74.0607290311737,1,0,22.4712087637714
24,180,84,"Midfielder",10.5154278025429,18,3,78.4332923576441,69.8790229316346,229.644256323263,80.0760729457492,5.76248296034626,78.7007241814156,8.19954959871585,60.4655387472376,70.4068775886424,1,1,25.9259259259259
22,174,80,"Forward",9.779574961111,39,0,83.330291545241,83.0561913523007,262.200036291942,89.6006846578374,5.5109386293173,88.3672203692104,7.41957949428812,59.5790211809193,78.8463543203355,1,0,26.4235698242833
19,176,81,"Goalkeeper",10.0861156453427,12,0,79.9485931922874,66.9688787284335,255.119507216613,89.1922006173538,5.94600272587628,100,8.35860511346989,64.1673577565959,70.5952876782283,1,0,26.1492768595041
24,176,74,"Forward",9.58328968526476,13,1,73.8264539945086,89.0538665838563,222.077669910357,86.7997959620505,5.79153554788333,81.9839882844601,8.09125852338395,74.6489548617377,95.487028870846,1,0,23.8894628099174
21,173,76,"Goalkeeper",10.4399886649266,16,3,79.4659623418644,62.3897404655139,255.44185899499,78.8555899173783,5.59619000426229,77.1834638167103,6.4785248962047,79.7943040463198,70.0217348530742,0,1,25.3934311203181
22,178,91,"Forward",9.42227479842292,18,1,76.7708779768857,76.727763926646,281.176510238861,70.5538643678009,5.70305895640943,66.3612694092712,7.77985415609555,59.124174285672,73.2296637724234,1,1,28.7211210705719
24,175,76,"Defender",9.31542753291277,21,2,73.8833475803174,82.286335216445,274.082502407805,91.1913211681968,5.90303552506129,77.0030849167616,6.29429593379908,69.7665744016246,85.8880664097468,0,1,24.8163265306122
24,178,70,"Forward",11.1543733017119,8,1,79.0532872199508,77.3176443423309,216.281593618374,87.2354868387244,6.27063644897997,70.4351734191133,7.73235322546134,54.0082321032595,68.8661692879424,1,0,22.0931700542861
20,157,83,"Goalkeeper",11.1470268004483,24,2,79.5367916596891,77.7162392172566,208.74744224956,92.7694638801237,6.26631317981723,71.9956569499855,8.53798087552532,44.002699141502,66.8462158534726,0,0,33.6727656294373
18,179,69,"Midfielder",8.01317995023206,12,0,72.072754831079,86.1847047487707,287.652374473123,78.5457117632033,6.43617953897789,79.6505430796874,7.38768394245811,40.4841292710892,89.4842045625319,0,0,21.5349083986143
19,179,70,"Defender",13.6297169257891,37,1,78.408668957692,82.5892368740743,227.461237649108,84.5119666085175,6.86795792276115,82.1115048043641,8.93335304656721,44.4920484198233,88.3950260417603,0,0,21.8470085203333
19,173,65,"Defender",7.14728118513704,8,2,57.6260795581685,86.3233417324129,204.131723903718,85.5207938180939,5.40275981269086,85.7177224727734,6.67277231697162,50.4748366275726,73.6178014593373,1,1,21.7180660897457
18,175,68,"Forward",5,31,1,65.4660206707411,97.1218390970514,258.414948939552,88.6863617824271,6.52831705143479,78.6722329310242,7.98942040128514,58.7184050853582,90.0468334245847,1,0,22.2040816326531
21,187,66,"Forward",7.91145763030288,12,2,71.3199110801978,67.6834986578193,271.168784308274,83.6130418399625,5.6465065989746,74.383523459573,6.72307954193805,46.8076174154367,62.3138221059303,0,1,18.8738597043095
22,175,69,"Midfielder",11.1944569959667,12,1,81.9688130454146,90.9857017311834,273.844224517608,79.8450299068096,5.31288946884052,85.5303974975071,6.91796451079637,45.3111829252062,64.7608628810304,0,1,22.530612244898
18,168,73,"Goalkeeper",12.7736046375396,31,0,74.0997829217942,81.3161436074456,235.945491253111,87.5056285088686,6.69272909716804,76.1965472604089,7.74996499381923,57.311916744998,75.4072944410071,1,0,25.8645124716553
22,174,80,"Goalkeeper",7.15185989744286,15,0,78.795070184632,90.4999570588383,265.310976472137,91.1276499378021,6.44962053240016,76.4640659763921,8.1668646249773,38.6477401983027,83.6195749910057,1,0,26.4235698242833
19,176,81,"Forward",15.3941857745191,35,3,72.1234290125579,83.7323429769036,271.599813477278,87.0865559155848,6.04908698536447,82.4300466490091,7.26649907208546,43.9041677335868,78.1955774664736,0,1,26.1492768595041
24,177,75,"Goalkeeper",8.28008192820353,20,0,74.7064681846733,73.6051055603452,258.183974959633,78.1024452029412,5.76092575841876,71.5054066950358,7.15345765195623,48.9145796565272,63.3227782130133,0,1,23.9394809920521
20,172,85,"Midfielder",10.9146525127305,22,3,63.409773108522,77.5056081652092,288.64824611765,82.0703328978035,5.59055498507214,81.0711085044342,5.84483254683403,55.8447118059374,71.4784299026889,0,1,28.7317468902109
23,188,64,"Goalkeeper",5.57186989041362,32,0,82.6651719766982,88.8917477210688,228.258403939351,89.3110689273236,5.74999305833311,85.1356746396745,7.35991972575962,43.2286961803422,58.4726377605964,1,0,18.1077410593029
24,179,83,"Forward",10.4066702482368,37,0,77.1632854513167,74.3842172149472,248.098333223022,92.2873703531778,6.04507442263937,90.2913677124748,7.28939336039372,33.3869432463959,86.274927349331,1,0,25.9043101026809
23,185,56,"Forward",11.3484136083182,8,1,79.3470811153758,91.1626990298837,252.283105812669,89.1328189488776,5.8915732434579,92.6263795289207,8.31346635537929,50.8998375838354,84.7921596069919,1,0,16.3623082542001
23,178,68,"Midfielder",12.7124842840471,13,1,77.2169872525598,75.0804301634586,264.865058974506,67.066146000437,5.70574900806306,70.4351077664768,7.22389070366958,73.8596647238615,63.7473374329937,0,1,21.4619366241636
18,190,66,"Goalkeeper",5.91864590818857,6,2,67.460510324585,64.1204096621659,297.35072815502,78.782945563343,6.3264664177653,55.7843224824733,6.8159870005425,49.4702087154691,82.9189514005855,1,1,18.2825484764543
21,170,71,"Defender",17.6696041785224,16,0,70.936938822376,72.1352350458344,237.819029736551,78.5145765356434,6.31612830891449,68.7031903665458,6.80113692467611,51.5079791240621,69.0574430880144,0,1,24.5674740484429
18,187,79,"Midfielder",5.59218980389179,9,0,79.5749355014782,88.8022846705157,233.058919778193,83.2622370816849,5.92504342395308,79.5637460097258,8.16436385766108,46.9857571660238,67.9378413518384,1,0,22.591438130916
20,175,101,"Forward",10.0627846160321,37,3,70.8313295259743,80.9698738829432,219.976049850351,79.0461052477768,5.98330841909634,81.4531568156548,7.47735579183033,64.6433825810099,77.7439577496865,0,1,32.9795918367347
21,174,88,"Forward",7.46191351493999,28,2,69.5606889048284,70.9740065060899,267.626693435741,76.7339837786433,5.50770121507525,75.7505513691247,6.88800635075747,56.7978158859148,70.1236956273398,0,1,29.0659268067116
18,178,68,"Forward",9.84542954726283,32,2,71.582673408328,68.053388336693,267.790764496675,82.6155685438507,5.88372678323656,67.444305624641,7.72761219636005,66.0848567727313,71.2484277834995,0,1,21.4619366241636
20,154,66,"Forward",8.37280807160531,9,1,70.5388466757053,72.2361974214327,289.562643914984,89.057236715485,5.80578764527069,76.65654487349,6.91000899346571,57.469218525214,50,1,1,27.8293135435993
18,174,83,"Goalkeeper",12.2862556884524,18,2,80.1756803083285,80.9349976223424,233.066514187199,92.3847180894765,6.36416456873053,79.0896159110579,8.31992432160253,46.4499625168403,87.0818845975109,0,0,27.4144536926939
23,190,62,"Defender",8.42965387767923,33,2,66.7500582566104,75.30521769973,251.830505944797,81.747555857025,5.77201362202552,75.402993413918,6.83319745258444,69.7033093203126,77.9163989643875,1,1,17.1745152354571
18,179,77,"Goalkeeper",7.06542596597698,18,1,61.5457454272952,67.4853079067652,259.719719904826,82.9350705543038,6.26371556738499,54.6246864501435,7.31354339931963,63.5101692105713,67.0884418171827,0,1,24.0317093723667
24,178,73,"Midfielder",13.3218504555022,26,1,68.6515044999159,82.757132093675,263.148030250839,91.5495148574956,6.08903676151614,80.5576188004411,6.83362667130942,50.8206632849843,73.7835174666006,0,1,23.0400201994698
22,186,79,"Defender",8.77349300211462,6,1,90.2396341447556,85.9507532612857,262.445693683157,80.9408977260323,5.78505701270352,80.5785774841509,9.03111224660475,42.5155757349772,81.3127399136992,1,0,22.8350098277257
24,173,51,"Goalkeeper",9.71218305760961,20,2,78.6213807681424,90.9441726393889,233.481183983336,77.2505039442495,6.16946608719343,82.0202263346897,6.46651172704614,48.8846059502693,72.6471063632585,1,0,17.0403287781082
23,175,82,"Forward",11.0619201846543,33,3,71.6727134015972,90.9143924415978,253.649599414971,90.1919700674477,5.98390499412245,82.0042050466858,8.03140399102714,40.2441098856298,91.2656979456972,0,0,26.7755102040816
24,167,61,"Defender",8.79086673187383,27,1,77.0401864761893,81.0980986098403,242.665373477155,80.3485727300975,5.77339229555882,74.1792075135479,7.65504831003128,51.8243528763422,89.2074002158661,1,0,21.8724228190326
19,175,83,"Defender",11.5179566522728,17,0,85.348355160881,84.3943163299513,234.27272427772,78.6454727892495,6.4407645109641,80.8536120759254,7.20172363381593,35.061051781958,68.7436069617984,1,0,27.1020408163265
23,175,75,"Defender",11.2715430869664,15,4,74.0558193861362,74.4280529827813,280.356151475736,72.2535187454894,5.56482507926109,70.0698426313184,7.12096346431113,43.9549189887357,60.7215048886616,0,1,24.4897959183673
23,179,65,"Goalkeeper",9.7299035627516,27,1,80.7319061478457,77.6058798008671,244.024818825206,87.7753429765788,6.28376470051318,79.3424290815727,6.91408977153464,43.4900681351927,87.5434188764807,1,0,20.2865079117381
18,186,84,"Forward",9.83170082366014,29,1,73.5892709234286,86.739784722496,207.884383733843,83.3589104256441,6.57290173634964,85.2275589395805,8.11084656874209,58.6999441466995,89.7837151305865,0,0,24.2802636142907
24,168,82,"Goalkeeper",11.6036899900269,25,0,74.143962868337,90.7509223345344,250.467490558449,100,5.8218058101657,73.7454146879313,6.38403022918959,31.5651851245327,61.9659368094766,1,0,29.0532879818594
18,183,59,"Forward",6.99666758033405,10,1,70.4392054991774,74.5970226768854,248.775549271047,89.0575026283192,5.40756627358636,75.9906630916547,7.53971998908949,68.6438641429844,62.9911397846734,1,1,17.6177252232076
20,172,66,"Defender",9.43739953198841,7,1,73.3732514589507,84.7519976543156,201.558971931088,83.1157057715712,5.93280686721624,79.8847851206344,7.91382466885161,48.3215631721074,73.2182439199677,0,0,22.3093564088697
23,169,74,"Defender",12.7384534379995,26,1,81.1241619880015,91.0948663316478,280.900018221628,84.8468816006979,6.82195904188843,87.8062842345148,7.05656006683618,61.3789967490504,80.5009788312064,1,0,25.9094569517874
18,191,67,"Midfielder",7.85607564210998,19,3,70.0412342628562,70.21838750331,221.800272516394,92.9100707853559,6.46979679518503,83.2467179974363,8.41177009548672,27.2351682148894,88.7590599000219,1,0,18.3657246237768
24,173,73,"Midfielder",11.3889495857533,15,3,81.5058259436316,81.080059792704,223.243413756971,92.0080736674512,6.15845339871081,95.5305257911249,8.17944766767856,50.0495818216727,87.3466000115139,1,0,24.3910588392529
18,173,69,"Midfielder",5.59909661889088,12,4,75.4116907282673,71.8881256798529,247.962483137272,78.0757473855893,5.77451890753537,58.9839766092162,5.95128566456853,62.7940243896348,60.7991000834174,1,1,23.0545624644993
18,176,72,"Midfielder",10.1109991827693,8,2,84.8160564032804,83.5912924794553,243.027754836019,92.2380946512823,6.14203817236049,78.1443032703407,6.64106348836588,54.6938480925918,87.4906984270619,1,0,23.2438016528926
22,182,82,"Forward",8.94829188295053,34,1,80.4332980277776,78.995723753268,230.665710099038,82.4539332618082,5.85959431559592,85.1363531330163,8.12046814841421,48.274806530521,76.0543241720371,0,0,24.7554643159039
20,180,78,"Forward",8.24514795350686,20,0,78.628108350253,78.9120235242455,232.158961123949,90.9212135314529,6.08732936675799,73.5332244498252,8.37361352411989,40.2119890301277,79.420355932191,1,0,24.0740740740741
19,170,83,"Midfielder",13.3354095082291,23,1,72.7491118829079,68.5405515537558,246.332757976682,94.1575151958506,5.7295927248508,72.0488441472108,6.29700642122859,70.3281295525456,72.6550590954709,1,1,28.719723183391
21,175,73,"Forward",11.9376615477153,19,1,77.7262217837259,79.6030333236658,254.068128166512,91.5287444869928,6.01096502365319,71.0080618558865,6.91301477377766,59.347781298189,69.8542508991141,0,1,23.8367346938776
23,169,99,"Forward",10.9500459849617,18,2,72.8027460948722,73.8653196078683,249.675851914814,89.3660245445006,5.26592328239472,74.6382469246709,7.54788717508313,65.1271943084083,68.2529015167312,1,1,34.6626518679318
21,182,74,"Defender",8.70180739381939,18,3,84.9142750726605,82.8599403697668,246.709331861554,83.821477587738,6.23607699808791,94.4168133560783,7.22209128331126,56.7277797082812,89.285825086346,1,0,22.3402970655718
23,187,81,"Forward",12.9127427898151,37,3,63.8562863229663,79.7653553456242,281.231471834785,75.5768341528505,5.66240223953974,84.3190795287502,6.24219789626464,66.3684764878605,69.4340292267009,1,1,23.1633732734708
20,175,71,"Midfielder",13.327367880113,10,1,69.427784128626,78.3612011371875,252.633827121886,67.6971177672631,5.59238158514103,79.2700587678848,6.12585897912676,65.4519978095332,62.3094878395986,0,1,23.1836734693878
22,173,88,"Defender",10.0862206612791,8,2,67.7830581260894,75.8459066688958,266.231891858563,87.921120113303,6.00702851585031,65.6048293884827,7.37215011851685,62.52986641676,76.6304367873542,0,1,29.4029202445788
19,180,78,"Forward",5.18397913169652,23,4,72.2514620080032,87.7447270351687,287.983390390796,85.7569640969129,5.93069746314866,86.5103039306785,6.82391503062952,56.1141181120375,78.6739963999534,0,1,24.0740740740741
19,163,85,"Midfielder",13.7592507960882,32,1,77.7524150682144,99.4953421502405,245.588781814273,91.5628505492442,5.72737624415802,84.6172334795907,6.74862197991593,61.9238747773194,75.3876227770109,1,0,31.9921713274869
20,178,65,"Midfielder",7.33264787313189,6,2,68.693693029573,84.1755476502812,247.491823031144,73.5124108161778,6.20131517594344,88.9922527429062,7.5263518662894,53.2026165190462,55.0163908925208,1,0,20.5150864789799
18,177,71,"Goalkeeper",7.34502739801719,13,1,72.0418276216254,85.5347872115449,270.309424620243,76.2103589131551,5.31895765888815,71.907133046724,6.37471111485629,59.7910659528869,78.4236603203028,0,1,22.662708672476
19,174,82,"Defender",8.13579655507408,38,1,77.5942509036378,83.5999707526585,197.940271215242,89.8428842367743,6.15226104265384,88.6133664942434,7.27292188729712,65.0168151445373,73.1618476584383,0,0,27.0841590698903
18,178,67,"Defender",9.52851598866042,23,5,69.4058147099856,83.02333971058,283.02643167793,89.2705357742988,5.7810898491282,78.3497151241048,7.1773686097344,81.5738380604501,69.0557311991078,0,1,21.1463199091024
19,180,75,"Forward",12.2690355972448,36,1,77.9205586256561,78.5378071503388,245.7265171229,82.0150635866071,6.17716203870599,74.8707903656024,9.09473066739023,67.0927228735187,93.4203541194397,1,0,23.1481481481481
23,179,59,"Defender",7.53922693188113,39,2,75.3058612817696,68.6516732951431,288.110600932448,89.4994993869442,5.91731309988607,74.0919557828602,6.61585656455625,44.2722542030941,81.0017136478146,1,1,18.4139071814238
20,184,71,"Forward",10.3778120422431,15,0,69.7132497177748,88.989563420773,245.359030957375,86.5958508224343,6.68647733758964,100,7.86481404056899,45.1806853295003,78.4136794721782,1,0,20.9711720226843
23,173,74,"Goalkeeper",9.46039944161152,9,3,72.5224277989541,75.4597814708539,297.662756792119,88.2195171046104,5.72373768177319,76.1279074529394,5,57.0136624992321,80.6092251435154,0,1,24.7251829329413
24,178,69,"Defender",8.89223706904519,22,0,74.2310957704798,68.2241784348213,251.172107804957,71.0101925832848,5.78900065742386,76.6242162597376,7.23587654940824,63.9179020289109,62.1280858445992,1,1,21.7775533392248
21,185,72,"Defender",9.16296277448345,27,4,74.6051469105047,81.325589544012,280.047020058626,61.930897821221,5.9628294657054,72.7261601370983,7.39682151147638,66.2594691193561,74.8768918856256,0,1,21.0372534696859
20,181,88,"Defender",11.2921285708485,14,1,78.1529670381915,87.3861020577405,286.060893961734,90.225836695499,5.68519758859625,84.2001745503776,7.39978205397747,34.0312406097373,62.6675372476092,1,0,26.8612069228656
21,174,80,"Midfielder",7.66039222814251,10,1,70.2065946979565,69.3636898958073,276.138230108039,74.8425120584735,5.29400450876055,68.935330654939,7.53534363970557,42.7665419669441,68.041834944955,0,1,26.4235698242833
21,172,91,"Forward",7.71467539808638,39,4,70.5875226182668,64.4348330515568,257.972455619292,73.3621894181012,6.11471980630337,73.0424314400374,6.28862421267577,56.6511924794039,78.6047381237116,1,1,30.7598702001082
22,165,91,"Forward",10.3803411431055,33,0,78.7893537781485,83.1843368306049,243.740496418073,90.0585616660889,6.44796342570712,84.347563273945,8.51251368492715,32.8547769170214,66.5664166190171,1,0,33.425160697888
22,176,64,"Midfielder",10.3109226836647,12,8,72.8356119963119,68.0840097044981,262.940824629392,77.4262258195342,6.51182684936106,78.4629139905792,8.03649695626931,56.8439476583238,78.4164124327703,0,1,20.6611570247934
22,177,47,"Midfielder",8.65557829348633,5,2,78.4074606525947,70.4480781586273,245.279160478952,92.7051156935241,5.94627457796874,85.7621875749437,8.19918708612696,60.0068546062774,78.9665237657371,1,0,15.0020747550193
20,191,63,"Midfielder",16.336107155969,10,4,70.5878573708389,78.2404004565401,280.477563187935,78.8151931730035,5.96271530388771,74.7143512690799,7.120203157297,79.6540423015101,74.1429891997897,1,1,17.269263452208
24,182,61,"Midfielder",10.213531951446,18,1,78.0492730615705,82.0463045915967,223.880218141087,96.9123267382766,6.04074348841777,84.4823994368149,8.59415753704736,49.9844541127226,76.4257500090177,0,0,18.4156502837821
22,182,63,"Goalkeeper",10.6240370130637,33,1,72.6783999605066,84.6203551287604,240.117111023447,74.3726267525218,5.78951077901661,78.8126450312067,7.63154693083069,70.4721116349282,78.7958648407065,0,1,19.0194420963652
21,181,66,"Defender",9.73284197389166,11,2,67.2906437908517,70.7267446702387,260.341117726983,85.3921319570617,5.5918742750196,81.3025128630898,7.6762960955953,67.2092927256272,79.0085973137416,1,1,20.1459051921492
24,182,75,"Goalkeeper",5.49431818146423,17,3,81.164089366062,83.486770799946,264.192657345347,84.0310456766992,5.46677128510552,69.8579536595154,6.79803524397487,78.213352854536,74.3796261514825,0,1,22.6421929718633
20,188,86,"Goalkeeper",10.3039229030501,35,1,71.1849007798159,85.5850498214488,204.446478387052,84.4173422549484,6.54399569228764,73.4591742367298,8.84647620731863,50.9063561896004,70.3203672341168,1,0,24.3322770484382
22,186,73,"Midfielder",9.81536783835531,15,1,59.7096127812992,72.9666918982123,255.770337416442,84.1861003758933,5.87920114878272,67.4915248120032,8.10962969383221,65.504117104456,68.1159488469328,0,1,21.1007052838478
